Date,Time,Sport,Discipline,Discipline_AR,Phase,Gender,Venue,Country_Entries,Event_ID,Source_URL
2026-05-17,10:00:00,Archery,Official Training – Recurve & Compound,التدريب الرسمي - القوس الأولمبي والمركب,Training,Mixed,Lusail Shooting Range,,COM-2026-0437,https://gccgames.qa/frontend/schedule-competition
2026-05-18,10:00:00,Archery,Individual Qualification – Recurve & Compound,الدور التأهيلي فردي - القوس الأولمبي والمركب,Qualification,Mixed,Lusail Shooting Range,,COM-2026-0438,https://gccgames.qa/frontend/schedule-competition
2026-05-19,9:30:00,Archery,Team Qualification – Recurve & Compound,الدور التأهيلي فرق - القوس الأولمبي والمركب,Qualification,Mixed,Lusail Shooting Range,,COM-2026-0439,https://gccgames.qa/frontend/schedule-competition
2026-05-19,11:30:00,Archery,Mixed Team Qualification – Recurve & Compound,الدور التأهيلي فرق مختلط - القوس الأولمبي والمركب,Qualification,Mixed,Lusail Shooting Range,,COM-2026-0440,https://gccgames.qa/frontend/schedule-competition
2026-05-20,9:30:00,Archery,Individual Qualification – Recurve & Compound,الدور التأهيلي فردي - القوس الأولمبي والمركب,Qualification,Mixed,Lusail Shooting Range,,COM-2026-0441,https://gccgames.qa/frontend/schedule-competition
2026-05-21,9:30:00,Archery,Compound Finals – Individual & Team,نهائيات القوس المركب فردي وفرق,Final,Mixed,Lusail Shooting Range,,COM-2026-0442,https://gccgames.qa/frontend/schedule-competition
2026-05-21,14:00:00,Archery,Recurve Finals – Individual & Team,نهائيات القوس الأولمبي فردي وفرق,Final,Mixed,Lusail Shooting Range,,COM-2026-0443,https://gccgames.qa/frontend/schedule-competition
2026-05-14,8:30:00,Athletics,Men’s 5000m Race Walk,5000 متر مشي رجال,Final,Men,Qatar Sports Club,,COM-2026-0021,https://gccgames.qa/frontend/schedule-competition
2026-05-14,9:00:00,Athletics,Women’s Heptathlon,سباعي سيدات,Final,Women,Qatar Sports Club,,COM-2026-0022,https://gccgames.qa/frontend/schedule-competition
2026-05-14,10:15:00,Athletics,Women’s Heptathlon,سباعي سيدات,Final,Women,Qatar Sports Club,,COM-2026-0023,https://gccgames.qa/frontend/schedule-competition
2026-05-14,17:00:00,Athletics,Women’s Heptathlon,سباعي سيدات,Final,Women,Qatar Sports Club,,COM-2026-0024,https://gccgames.qa/frontend/schedule-competition
2026-05-14,17:10:00,Athletics,Women’s 100 Metres Hurdles,100 متر حواجز سيدات,Final,Women,Qatar Sports Club,,COM-2026-0025,https://gccgames.qa/frontend/schedule-competition
2026-05-14,17:15:00,Athletics,Women’s Long Jump,الوثب الطويل سيدات,Final,Women,Qatar Sports Club,,COM-2026-0026,https://gccgames.qa/frontend/schedule-competition
2026-05-14,17:20:00,Athletics,Women’s Discus Throw,قذف القرص سيدات,Final,Women,Qatar Sports Club,,COM-2026-0027,https://gccgames.qa/frontend/schedule-competition
2026-05-14,17:25:00,Athletics,Men’s 100 Metres,100 متر رجال,Qualification,Men,Qatar Sports Club,,COM-2026-0028,https://gccgames.qa/frontend/schedule-competition
2026-05-14,17:30:00,Athletics,Men’s High Jump,الوثب العالي رجال,Final,Men,Qatar Sports Club,,COM-2026-0029,https://gccgames.qa/frontend/schedule-competition
2026-05-14,17:35:00,Athletics,Women’s 100 Metres,100 متر سيدات,Qualification,Women,Qatar Sports Club,,COM-2026-0030,https://gccgames.qa/frontend/schedule-competition
2026-05-14,17:50:00,Athletics,Men’s 400 Metres,400 متر رجال,Qualification,Men,Qatar Sports Club,,COM-2026-0031,https://gccgames.qa/frontend/schedule-competition
2026-05-14,18:00:00,Athletics,Men’s Shot Put,دفع الجلة رجال,Final,Men,Qatar Sports Club,,COM-2026-0032,https://gccgames.qa/frontend/schedule-competition
2026-05-14,18:10:00,Athletics,Women’s 400 Metres,400 متر سيدات,Qualification,Women,Qatar Sports Club,,COM-2026-0033,https://gccgames.qa/frontend/schedule-competition
2026-05-14,18:30:00,Athletics,Men’s 800 Metres,800 متر رجال,Final,Men,Qatar Sports Club,,COM-2026-0034,https://gccgames.qa/frontend/schedule-competition
2026-05-14,18:40:00,Athletics,Women’s 800 Metres,800 متر سيدات,Final,Women,Qatar Sports Club,,COM-2026-0035,https://gccgames.qa/frontend/schedule-competition
2026-05-14,18:45:00,Athletics,Women’s Heptathlon,سباعي سيدات,Final,Women,Qatar Sports Club,,COM-2026-0036,https://gccgames.qa/frontend/schedule-competition
2026-05-14,19:00:00,Athletics,Men’s 3000m Steeplechase,3000 متر موانع رجال,Final,Men,Qatar Sports Club,,COM-2026-0037,https://gccgames.qa/frontend/schedule-competition
2026-05-14,19:30:00,Athletics,Women’s 10000 Metres,10000 متر سيدات,Final,Women,Qatar Sports Club,,COM-2026-0038,https://gccgames.qa/frontend/schedule-competition
2026-05-14,20:05:00,Athletics,Men’s 100 Metres,100 متر رجال,Final,Men,Qatar Sports Club,,COM-2026-0039,https://gccgames.qa/frontend/schedule-competition
2026-05-14,20:15:00,Athletics,Women’s 100 Metres,100 متر سيدات,Final,Women,Qatar Sports Club,,COM-2026-0040,https://gccgames.qa/frontend/schedule-competition
2026-05-15,9:00:00,Athletics,Women’s Heptathlon,سباعي سيدات,Final,Women,Qatar Sports Club,,COM-2026-0041,https://gccgames.qa/frontend/schedule-competition
2026-05-15,10:00:00,Athletics,Women’s Heptathlon,سباعي سيدات,Final,Women,Qatar Sports Club,,COM-2026-0042,https://gccgames.qa/frontend/schedule-competition
2026-05-15,17:00:00,Athletics,Women’s Pole Vault,القفز بالزانة سيدات,Final,Women,Qatar Sports Club,,COM-2026-0043,https://gccgames.qa/frontend/schedule-competition
2026-05-15,17:05:00,Athletics,Women’s Hammer Throw,إطاحة المطرقة سيدات,Final,Women,Qatar Sports Club,,COM-2026-0044,https://gccgames.qa/frontend/schedule-competition
2026-05-15,17:10:00,Athletics,Men’s 110 Metres Hurdles,110 متر حواجز رجال,Qualification,Men,Qatar Sports Club,,COM-2026-0045,https://gccgames.qa/frontend/schedule-competition
2026-05-15,17:15:00,Athletics,Men’s Long Jump,الوثب الطويل رجال,Final,Men,Qatar Sports Club,,COM-2026-0046,https://gccgames.qa/frontend/schedule-competition
2026-05-15,17:25:00,Athletics,Men’s 400 Metres Hurdles,400 متر حواجز رجال,Qualification,Men,Qatar Sports Club,,COM-2026-0047,https://gccgames.qa/frontend/schedule-competition
2026-05-15,17:40:00,Athletics,Women’s 400 Metres Hurdles,400 متر حواجز سيدات,Qualification,Women,Qatar Sports Club,,COM-2026-0048,https://gccgames.qa/frontend/schedule-competition
2026-05-15,17:55:00,Athletics,Men’s 400 Metres,400 متر رجال,Final,Men,Qatar Sports Club,,COM-2026-0049,https://gccgames.qa/frontend/schedule-competition
2026-05-15,18:10:00,Athletics,Women’s 400 Metres,400 متر سيدات,Final,Women,Qatar Sports Club,,COM-2026-0050,https://gccgames.qa/frontend/schedule-competition
2026-05-15,18:15:00,Athletics,Men’s Javelin Throw,رمي الرمح رجال,Final,Men,Qatar Sports Club,,COM-2026-0051,https://gccgames.qa/frontend/schedule-competition
2026-05-15,18:20:00,Athletics,Men’s 110 Metres Hurdles,110 متر حواجز رجال,Final,Men,Qatar Sports Club,,COM-2026-0052,https://gccgames.qa/frontend/schedule-competition
2026-05-15,18:25:00,Athletics,Women’s Heptathlon,سباعي سيدات,Final,Women,Qatar Sports Club,,COM-2026-0053,https://gccgames.qa/frontend/schedule-competition
2026-05-15,18:40:00,Athletics,Men’s 10000 Metres,10000 متر رجال,Final,Men,Qatar Sports Club,,COM-2026-0054,https://gccgames.qa/frontend/schedule-competition
2026-05-15,19:25:00,Athletics,Men’s 4x100 Metres Relay,4×100 متر تتابع رجال,Final,Men,Qatar Sports Club,,COM-2026-0055,https://gccgames.qa/frontend/schedule-competition
2026-05-15,19:45:00,Athletics,Women’s 4x100 Metres Relay,4×100 متر تتابع سيدات,Final,Women,Qatar Sports Club,,COM-2026-0056,https://gccgames.qa/frontend/schedule-competition
2026-05-16,9:00:00,Athletics,Men’s Decathlon,العشاري رجال,Final,Men,Qatar Sports Club,,COM-2026-0057,https://gccgames.qa/frontend/schedule-competition
2026-05-16,9:30:00,Athletics,Men’s Decathlon,العشاري رجال,Final,Men,Qatar Sports Club,,COM-2026-0058,https://gccgames.qa/frontend/schedule-competition
2026-05-16,10:45:00,Athletics,Men’s Decathlon,العشاري رجال,Final,Men,Qatar Sports Club,,COM-2026-0059,https://gccgames.qa/frontend/schedule-competition
2026-05-16,17:00:00,Athletics,Men’s Decathlon,العشاري رجال,Final,Men,Qatar Sports Club,,COM-2026-0060,https://gccgames.qa/frontend/schedule-competition
2026-05-16,17:05:00,Athletics,Women’s Triple Jump,الوثب الثلاثي سيدات,Final,Women,Qatar Sports Club,,COM-2026-0061,https://gccgames.qa/frontend/schedule-competition
2026-05-16,17:10:00,Athletics,Men’s Hammer Throw,إطاحة المطرقة رجال,Final,Men,Qatar Sports Club,,COM-2026-0062,https://gccgames.qa/frontend/schedule-competition
2026-05-16,17:15:00,Athletics,Men’s 400 Metres Hurdles,400 متر حواجز رجال,Final,Men,Qatar Sports Club,,COM-2026-0063,https://gccgames.qa/frontend/schedule-competition
2026-05-16,17:30:00,Athletics,Women’s 400 Metres Hurdles,400 متر حواجز سيدات,Final,Women,Qatar Sports Club,,COM-2026-0064,https://gccgames.qa/frontend/schedule-competition
2026-05-16,17:40:00,Athletics,Men’s 200 Metres,200 متر رجال,Qualification,Men,Qatar Sports Club,,COM-2026-0065,https://gccgames.qa/frontend/schedule-competition
2026-05-16,18:00:00,Athletics,Women’s 200 Metres,200 متر سيدات,Qualification,Women,Qatar Sports Club,,COM-2026-0066,https://gccgames.qa/frontend/schedule-competition
2026-05-16,18:15:00,Athletics,Women’s 5000m Race Walk,5000 متر مشي سيدات,Final,Women,Qatar Sports Club,,COM-2026-0067,https://gccgames.qa/frontend/schedule-competition
2026-05-16,18:30:00,Athletics,Men’s Decathlon,العشاري رجال,Final,Men,Qatar Sports Club,,COM-2026-0068,https://gccgames.qa/frontend/schedule-competition
2026-05-16,18:45:00,Athletics,Women’s 3000m Steeplechase,3000 متر موانع سيدات,Final,Women,Qatar Sports Club,,COM-2026-0069,https://gccgames.qa/frontend/schedule-competition
2026-05-16,18:50:00,Athletics,Men’s Triple Jump,الوثب الثلاثي رجال,Final,Men,Qatar Sports Club,,COM-2026-0070,https://gccgames.qa/frontend/schedule-competition
2026-05-16,18:55:00,Athletics,Women’s Javelin Throw,رمي الرمح سيدات,Final,Women,Qatar Sports Club,,COM-2026-0071,https://gccgames.qa/frontend/schedule-competition
2026-05-16,19:10:00,Athletics,Mixed 4x400 Metres Relay,4×400 متر تتابع مختلط,Final,Mixed,Qatar Sports Club,,COM-2026-0072,https://gccgames.qa/frontend/schedule-competition
2026-05-17,9:00:00,Athletics,Men’s Decathlon,العشاري رجال,Final,Men,Qatar Sports Club,,COM-2026-0073,https://gccgames.qa/frontend/schedule-competition
2026-05-17,9:45:00,Athletics,Men’s Decathlon,العشاري رجال,Final,Men,Qatar Sports Club,,COM-2026-0074,https://gccgames.qa/frontend/schedule-competition
2026-05-17,11:30:00,Athletics,Men’s Decathlon,العشاري رجال,Final,Men,Qatar Sports Club,,COM-2026-0075,https://gccgames.qa/frontend/schedule-competition
2026-05-17,17:00:00,Athletics,Men’s Decathlon,العشاري رجال,Final,Men,Qatar Sports Club,,COM-2026-0076,https://gccgames.qa/frontend/schedule-competition
2026-05-17,17:05:00,Athletics,Women’s High Jump,الوثب العالي سيدات,Final,Women,Qatar Sports Club,,COM-2026-0077,https://gccgames.qa/frontend/schedule-competition
2026-05-17,17:15:00,Athletics,Men’s 200 Metres,200 متر رجال,Final,Men,Qatar Sports Club,,COM-2026-0078,https://gccgames.qa/frontend/schedule-competition
2026-05-17,17:20:00,Athletics,Women’s Shot Put,دفع الجلة سيدات,Final,Women,Qatar Sports Club,,COM-2026-0079,https://gccgames.qa/frontend/schedule-competition
2026-05-17,17:30:00,Athletics,Women’s 200 Metres,200 متر سيدات,Final,Women,Qatar Sports Club,,COM-2026-0080,https://gccgames.qa/frontend/schedule-competition
2026-05-17,17:40:00,Athletics,Men’s 5000 Metres,5000 متر رجال,Final,Men,Qatar Sports Club,,COM-2026-0081,https://gccgames.qa/frontend/schedule-competition
2026-05-17,18:05:00,Athletics,Women’s 1500 Metres,1500 متر سيدات,Final,Women,Qatar Sports Club,,COM-2026-0082,https://gccgames.qa/frontend/schedule-competition
2026-05-17,18:20:00,Athletics,Men’s 1500 Metres,1500 متر رجال,Final,Men,Qatar Sports Club,,COM-2026-0083,https://gccgames.qa/frontend/schedule-competition
2026-05-17,18:25:00,Athletics,Men’s Discus Throw,قذف القرص رجال,Final,Men,Qatar Sports Club,,COM-2026-0084,https://gccgames.qa/frontend/schedule-competition
2026-05-17,18:30:00,Athletics,Men’s Decathlon,العشاري رجال,Final,Men,Qatar Sports Club,,COM-2026-0085,https://gccgames.qa/frontend/schedule-competition
2026-05-17,18:45:00,Athletics,Women’s 4x400 Metres Relay,4×400 متر تتابع سيدات,Final,Women,Qatar Sports Club,,COM-2026-0086,https://gccgames.qa/frontend/schedule-competition
2026-05-17,19:05:00,Athletics,Men’s 4x400 Metres Relay,4×400 متر تتابع رجال,Final,Men,Qatar Sports Club,,COM-2026-0087,https://gccgames.qa/frontend/schedule-competition
2026-05-12,11:00:00,Basketball 3x3,Women’s Preliminary,Match 1 - سيدات تمهيدي - المباراة 1,Qualification,Women,Al Gharafa Sports Hall,"KSA,OMA",COM-2026-0120,https://gccgames.qa/frontend/schedule-competition
2026-05-12,11:25:00,Basketball 3x3,Women’s Preliminary,Match 2 - سيدات تمهيدي - المباراة 2,Qualification,Women,Al Gharafa Sports Hall,"BRN,KUW",COM-2026-0121,https://gccgames.qa/frontend/schedule-competition
2026-05-12,11:50:00,Basketball 3x3,Women’s Preliminary,Match 3 - سيدات تمهيدي - المباراة 3,Qualification,Women,Al Gharafa Sports Hall,"OMA,QAT",COM-2026-0122,https://gccgames.qa/frontend/schedule-competition
2026-05-12,12:15:00,Basketball 3x3,Men’s Preliminary,Match 4 - رجال تمهيدي - المباراة 4,Qualification,Men,Al Gharafa Sports Hall,"BRN,KUW",COM-2026-0123,https://gccgames.qa/frontend/schedule-competition
2026-05-12,12:40:00,Basketball 3x3,Men’s Preliminary,Match 5 - رجال تمهيدي - المباراة 5,Qualification,Men,Al Gharafa Sports Hall,"KSA,QAT",COM-2026-0124,https://gccgames.qa/frontend/schedule-competition
2026-05-12,14:05:00,Basketball 3x3,Women’s Preliminary,Match 6 - سيدات تمهيدي - المباراة 6,Qualification,Women,Al Gharafa Sports Hall,"KSA,QAT",COM-2026-0125,https://gccgames.qa/frontend/schedule-competition
2026-05-12,14:30:00,Basketball 3x3,Women’s Preliminary,Match 7 - سيدات تمهيدي - المباراة 7,Qualification,Women,Al Gharafa Sports Hall,"BRN,OMA",COM-2026-0126,https://gccgames.qa/frontend/schedule-competition
2026-05-12,14:55:00,Basketball 3x3,Women’s Preliminary,Match 8 - سيدات تمهيدي - المباراة 8,Qualification,Women,Al Gharafa Sports Hall,"KSA,KUW",COM-2026-0127,https://gccgames.qa/frontend/schedule-competition
2026-05-12,15:20:00,Basketball 3x3,Men’s Preliminary,Match 9 - رجال تمهيدي - المباراة 9,Qualification,Men,Al Gharafa Sports Hall,"KSA,KUW",COM-2026-0128,https://gccgames.qa/frontend/schedule-competition
2026-05-12,15:45:00,Basketball 3x3,Men’s Preliminary,Match 10 - رجال تمهيدي - المباراة 10,Qualification,Men,Al Gharafa Sports Hall,"BRN,QAT",COM-2026-0129,https://gccgames.qa/frontend/schedule-competition
2026-05-12,16:10:00,Basketball 3x3,Women’s Preliminary,Match 11 - سيدات تمهيدي - المباراة 11,Qualification,Women,Al Gharafa Sports Hall,"BRN,QAT",COM-2026-0130,https://gccgames.qa/frontend/schedule-competition
2026-05-12,16:35:00,Basketball 3x3,Women’s Preliminary,Match 12 - سيدات تمهيدي - المباراة 12,Qualification,Women,Al Gharafa Sports Hall,"KUW,OMA",COM-2026-0131,https://gccgames.qa/frontend/schedule-competition
2026-05-12,17:00:00,Basketball 3x3,Women’s Preliminary,Match 13 - سيدات تمهيدي - المباراة 13,Qualification,Women,Al Gharafa Sports Hall,"BRN,KSA",COM-2026-0132,https://gccgames.qa/frontend/schedule-competition
2026-05-12,17:25:00,Basketball 3x3,Men’s Preliminary,Match 14 - رجال تمهيدي - المباراة 14,Qualification,Men,Al Gharafa Sports Hall,"KUW,QAT",COM-2026-0133,https://gccgames.qa/frontend/schedule-competition
2026-05-12,17:50:00,Basketball 3x3,Men’s Preliminary,Match 15 - رجال تمهيدي - المباراة 15,Qualification,Men,Al Gharafa Sports Hall,"BRN,KSA",COM-2026-0134,https://gccgames.qa/frontend/schedule-competition
2026-05-12,18:15:00,Basketball 3x3,Women’s Preliminary,Match 16 - سيدات تمهيدي - المباراة 16,Qualification,Women,Al Gharafa Sports Hall,"KUW,QAT",COM-2026-0135,https://gccgames.qa/frontend/schedule-competition
2026-05-13,15:00:00,Basketball 3x3,Women’s Semi Final,Match 17 - سيدات نصف النهائي - المباراة 17,Semi Final,Women,Al Gharafa Sports Hall,,COM-2026-0136,https://gccgames.qa/frontend/schedule-competition
2026-05-13,15:25:00,Basketball 3x3,Women’s Semi Final,Match 18 - سيدات نصف النهائي - المباراة 18,Semi Final,Women,Al Gharafa Sports Hall,,COM-2026-0137,https://gccgames.qa/frontend/schedule-competition
2026-05-13,15:50:00,Basketball 3x3,Men’s Semi Final,Match 19 - رجال نصف النهائي - المباراة 19,Semi Final,Men,Al Gharafa Sports Hall,,COM-2026-0138,https://gccgames.qa/frontend/schedule-competition
2026-05-13,16:15:00,Basketball 3x3,Men’s Semi Final,Match 20 - رجال نصف النهائي - المباراة 20,Semi Final,Men,Al Gharafa Sports Hall,,COM-2026-0139,https://gccgames.qa/frontend/schedule-competition
2026-05-13,16:40:00,Basketball 3x3,Women’s Bronze Medal Match,مباراة الميدالية البرونزية سيدات,Final,Women,Al Gharafa Sports Hall,,COM-2026-0140,https://gccgames.qa/frontend/schedule-competition
2026-05-13,17:05:00,Basketball 3x3,Women’s Bronze Medal Match,مباراة الميدالية البرونزية سيدات,Final,Women,Al Gharafa Sports Hall,,COM-2026-0141,https://gccgames.qa/frontend/schedule-competition
2026-05-13,17:30:00,Basketball 3x3,Men’s Final,النهائي رجال,Final,Men,Al Gharafa Sports Hall,,COM-2026-0142,https://gccgames.qa/frontend/schedule-competition
2026-05-13,17:55:00,Basketball 3x3,Men’s Final,النهائي رجال,Final,Men,Al Gharafa Sports Hall,,COM-2026-0143,https://gccgames.qa/frontend/schedule-competition
2026-05-15,16:00:00,Basketball 5x5,Men’s Preliminary,Match 1 - رجال تمهيدي - المباراة 1,Qualification,Men,Al Gharafa Sports Hall,"BRN,KSA",COM-2026-0110,https://gccgames.qa/frontend/schedule-competition
2026-05-15,18:00:00,Basketball 5x5,Men’s Preliminary,Match 2 - رجال تمهيدي - المباراة 2,Qualification,Men,Al Gharafa Sports Hall,"QAT,UAE",COM-2026-0111,https://gccgames.qa/frontend/schedule-competition
2026-05-16,16:00:00,Basketball 5x5,Men’s Preliminary,Match 3 - رجال تمهيدي - المباراة 3,Qualification,Men,Al Gharafa Sports Hall,"BRN,UAE",COM-2026-0112,https://gccgames.qa/frontend/schedule-competition
2026-05-16,18:00:00,Basketball 5x5,Men’s Preliminary,Match 4 - رجال تمهيدي - المباراة 4,Qualification,Men,Al Gharafa Sports Hall,"KSA,QAT",COM-2026-0113,https://gccgames.qa/frontend/schedule-competition
2026-05-17,16:00:00,Basketball 5x5,Men’s Preliminary,Match 5 - رجال تمهيدي - المباراة 5,Qualification,Men,Al Gharafa Sports Hall,"KSA,UAE",COM-2026-0114,https://gccgames.qa/frontend/schedule-competition
2026-05-17,18:00:00,Basketball 5x5,Men’s Preliminary,Match 6 - رجال تمهيدي - المباراة 6,Qualification,Men,Al Gharafa Sports Hall,"BRN,QAT",COM-2026-0115,https://gccgames.qa/frontend/schedule-competition
2026-05-19,16:00:00,Basketball 5x5,Men’s Semi Final,Match 7 - رجال نصف النهائي - المباراة 7,Semi Final,Men,Al Gharafa Sports Hall,,COM-2026-0116,https://gccgames.qa/frontend/schedule-competition
2026-05-19,18:00:00,Basketball 5x5,Men’s Semi Final,Match 8 - رجال نصف النهائي - المباراة 8,Semi Final,Men,Al Gharafa Sports Hall,,COM-2026-0117,https://gccgames.qa/frontend/schedule-competition
2026-05-20,16:00:00,Basketball 5x5,Men’s Bronze Medal Match,مباراة الميدالية البرونزية رجال,Final,Men,Al Gharafa Sports Hall,,COM-2026-0118,https://gccgames.qa/frontend/schedule-competition
2026-05-20,18:00:00,Basketball 5x5,Men’s Final,النهائي رجال,Final,Men,Al Gharafa Sports Hall,,COM-2026-0119,https://gccgames.qa/frontend/schedule-competition
2026-05-12,10:00:00,Billiards,Men’s 10-Ball Singles,10 كرات فردي رجال,Qualification,Men,Qatar Billiards & Snooker Federation Hall,,COM-2026-0190,https://gccgames.qa/frontend/schedule-competition
2026-05-12,10:00:00,Billiards,Men’s 10-Ball Singles,10 كرات فردي رجال,Qualification,Men,Qatar Billiards & Snooker Federation Hall,,COM-2026-0191,https://gccgames.qa/frontend/schedule-competition
2026-05-12,10:00:00,Billiards,Men’s 10-Ball Singles,10 كرات فردي رجال,Qualification,Men,Qatar Billiards & Snooker Federation Hall,,COM-2026-0192,https://gccgames.qa/frontend/schedule-competition
2026-05-12,10:00:00,Billiards,Men’s 10-Ball Singles,10 كرات فردي رجال,Qualification,Men,Qatar Billiards & Snooker Federation Hall,,COM-2026-0193,https://gccgames.qa/frontend/schedule-competition
2026-05-12,11:30:00,Billiards,Men’s 10-Ball Singles,10 كرات فردي رجال,Qualification,Men,Qatar Billiards & Snooker Federation Hall,,COM-2026-0194,https://gccgames.qa/frontend/schedule-competition
2026-05-12,11:30:00,Billiards,Men’s 10-Ball Singles,10 كرات فردي رجال,Qualification,Men,Qatar Billiards & Snooker Federation Hall,,COM-2026-0195,https://gccgames.qa/frontend/schedule-competition
2026-05-12,11:30:00,Billiards,Men’s 10-Ball Singles,10 كرات فردي رجال,Qualification,Men,Qatar Billiards & Snooker Federation Hall,,COM-2026-0196,https://gccgames.qa/frontend/schedule-competition
2026-05-12,11:30:00,Billiards,Men’s 10-Ball Singles,10 كرات فردي رجال,Qualification,Men,Qatar Billiards & Snooker Federation Hall,,COM-2026-0197,https://gccgames.qa/frontend/schedule-competition
2026-05-12,13:00:00,Billiards,Men’s 10-Ball Singles,10 كرات فردي رجال,Qualification,Men,Qatar Billiards & Snooker Federation Hall,,COM-2026-0198,https://gccgames.qa/frontend/schedule-competition
2026-05-12,13:00:00,Billiards,Men’s 10-Ball Singles,10 كرات فردي رجال,Qualification,Men,Qatar Billiards & Snooker Federation Hall,,COM-2026-0199,https://gccgames.qa/frontend/schedule-competition
2026-05-12,13:00:00,Billiards,Men’s 10-Ball Singles,10 كرات فردي رجال,Qualification,Men,Qatar Billiards & Snooker Federation Hall,,COM-2026-0200,https://gccgames.qa/frontend/schedule-competition
2026-05-12,13:00:00,Billiards,Men’s 10-Ball Singles,10 كرات فردي رجال,Qualification,Men,Qatar Billiards & Snooker Federation Hall,,COM-2026-0201,https://gccgames.qa/frontend/schedule-competition
2026-05-12,14:30:00,Billiards,Men’s 10-Ball Singles,10 كرات فردي رجال,Qualification,Men,Qatar Billiards & Snooker Federation Hall,,COM-2026-0202,https://gccgames.qa/frontend/schedule-competition
2026-05-12,14:30:00,Billiards,Men’s 10-Ball Singles,10 كرات فردي رجال,Qualification,Men,Qatar Billiards & Snooker Federation Hall,,COM-2026-0203,https://gccgames.qa/frontend/schedule-competition
2026-05-12,14:30:00,Billiards,Men’s 10-Ball Singles,10 كرات فردي رجال,Qualification,Men,Qatar Billiards & Snooker Federation Hall,,COM-2026-0204,https://gccgames.qa/frontend/schedule-competition
2026-05-12,14:30:00,Billiards,Men’s 10-Ball Singles,10 كرات فردي رجال,Qualification,Men,Qatar Billiards & Snooker Federation Hall,,COM-2026-0205,https://gccgames.qa/frontend/schedule-competition
2026-05-12,16:00:00,Billiards,Men’s 10-Ball Singles,10 كرات فردي رجال,Qualification,Men,Qatar Billiards & Snooker Federation Hall,,COM-2026-0206,https://gccgames.qa/frontend/schedule-competition
2026-05-12,16:00:00,Billiards,Men’s 10-Ball Singles,10 كرات فردي رجال,Qualification,Men,Qatar Billiards & Snooker Federation Hall,,COM-2026-0207,https://gccgames.qa/frontend/schedule-competition
2026-05-13,10:00:00,Billiards,Men’s 10-Ball Singles,10 كرات فردي رجال,Semi Final,Men,Qatar Billiards & Snooker Federation Hall,,COM-2026-0208,https://gccgames.qa/frontend/schedule-competition
2026-05-13,10:00:00,Billiards,Men’s 10-Ball Singles,10 كرات فردي رجال,Semi Final,Men,Qatar Billiards & Snooker Federation Hall,,COM-2026-0209,https://gccgames.qa/frontend/schedule-competition
2026-05-13,12:00:00,Billiards,Men’s 10-Ball Singles,10 كرات فردي رجال,Final,Men,Qatar Billiards & Snooker Federation Hall,,COM-2026-0210,https://gccgames.qa/frontend/schedule-competition
2026-05-13,15:00:00,Billiards,Men’s 10-Ball Doubles,10 كرات زوجي رجال,Qualification,Men,Qatar Billiards & Snooker Federation Hall,,COM-2026-0211,https://gccgames.qa/frontend/schedule-competition
2026-05-13,15:00:00,Billiards,Men’s 10-Ball Doubles,10 كرات زوجي رجال,Qualification,Men,Qatar Billiards & Snooker Federation Hall,,COM-2026-0212,https://gccgames.qa/frontend/schedule-competition
2026-05-13,17:00:00,Billiards,Men’s 10-Ball Doubles,10 كرات زوجي رجال,Qualification,Men,Qatar Billiards & Snooker Federation Hall,,COM-2026-0213,https://gccgames.qa/frontend/schedule-competition
2026-05-13,17:00:00,Billiards,Men’s 10-Ball Doubles,10 كرات زوجي رجال,Qualification,Men,Qatar Billiards & Snooker Federation Hall,,COM-2026-0214,https://gccgames.qa/frontend/schedule-competition
2026-05-13,19:00:00,Billiards,Men’s 10-Ball Doubles,10 كرات زوجي رجال,Qualification,Men,Qatar Billiards & Snooker Federation Hall,,COM-2026-0215,https://gccgames.qa/frontend/schedule-competition
2026-05-13,19:00:00,Billiards,Men’s 10-Ball Doubles,10 كرات زوجي رجال,Qualification,Men,Qatar Billiards & Snooker Federation Hall,,COM-2026-0216,https://gccgames.qa/frontend/schedule-competition
2026-05-14,10:00:00,Billiards,Men’s 10-Ball Doubles,10 كرات زوجي رجال,Semi Final,Men,Qatar Billiards & Snooker Federation Hall,,COM-2026-0217,https://gccgames.qa/frontend/schedule-competition
2026-05-14,10:00:00,Billiards,Men’s 10-Ball Doubles,10 كرات زوجي رجال,Semi Final,Men,Qatar Billiards & Snooker Federation Hall,,COM-2026-0218,https://gccgames.qa/frontend/schedule-competition
2026-05-14,13:00:00,Billiards,Men’s 10-Ball Doubles,10 كرات زوجي رجال,Final,Men,Qatar Billiards & Snooker Federation Hall,,COM-2026-0219,https://gccgames.qa/frontend/schedule-competition
2026-05-14,15:00:00,Billiards,Men’s 9-Ball Singles,9 كرات فردي رجال,Qualification,Men,Qatar Billiards & Snooker Federation Hall,,COM-2026-0220,https://gccgames.qa/frontend/schedule-competition
2026-05-14,15:00:00,Billiards,Men’s 9-Ball Singles,9 كرات فردي رجال,Qualification,Men,Qatar Billiards & Snooker Federation Hall,,COM-2026-0221,https://gccgames.qa/frontend/schedule-competition
2026-05-14,15:00:00,Billiards,Men’s 9-Ball Singles,9 كرات فردي رجال,Qualification,Men,Qatar Billiards & Snooker Federation Hall,,COM-2026-0222,https://gccgames.qa/frontend/schedule-competition
2026-05-14,15:00:00,Billiards,Men’s 9-Ball Singles,9 كرات فردي رجال,Qualification,Men,Qatar Billiards & Snooker Federation Hall,,COM-2026-0223,https://gccgames.qa/frontend/schedule-competition
2026-05-14,16:30:00,Billiards,Men’s 9-Ball Singles,9 كرات فردي رجال,Qualification,Men,Qatar Billiards & Snooker Federation Hall,,COM-2026-0224,https://gccgames.qa/frontend/schedule-competition
2026-05-14,16:30:00,Billiards,Men’s 9-Ball Singles,9 كرات فردي رجال,Qualification,Men,Qatar Billiards & Snooker Federation Hall,,COM-2026-0225,https://gccgames.qa/frontend/schedule-competition
2026-05-14,16:30:00,Billiards,Men’s 9-Ball Singles,9 كرات فردي رجال,Qualification,Men,Qatar Billiards & Snooker Federation Hall,,COM-2026-0226,https://gccgames.qa/frontend/schedule-competition
2026-05-14,16:30:00,Billiards,Men’s 9-Ball Singles,9 كرات فردي رجال,Qualification,Men,Qatar Billiards & Snooker Federation Hall,,COM-2026-0227,https://gccgames.qa/frontend/schedule-competition
2026-05-14,18:00:00,Billiards,Men’s 9-Ball Singles,9 كرات فردي رجال,Qualification,Men,Qatar Billiards & Snooker Federation Hall,,COM-2026-0228,https://gccgames.qa/frontend/schedule-competition
2026-05-14,18:00:00,Billiards,Men’s 9-Ball Singles,9 كرات فردي رجال,Qualification,Men,Qatar Billiards & Snooker Federation Hall,,COM-2026-0229,https://gccgames.qa/frontend/schedule-competition
2026-05-14,18:00:00,Billiards,Men’s 9-Ball Singles,9 كرات فردي رجال,Qualification,Men,Qatar Billiards & Snooker Federation Hall,,COM-2026-0230,https://gccgames.qa/frontend/schedule-competition
2026-05-14,18:00:00,Billiards,Men’s 9-Ball Singles,9 كرات فردي رجال,Qualification,Men,Qatar Billiards & Snooker Federation Hall,,COM-2026-0231,https://gccgames.qa/frontend/schedule-competition
2026-05-15,13:00:00,Billiards,Men’s 9-Ball Singles,9 كرات فردي رجال,Qualification,Men,Qatar Billiards & Snooker Federation Hall,,COM-2026-0232,https://gccgames.qa/frontend/schedule-competition
2026-05-15,13:00:00,Billiards,Men’s 9-Ball Singles,9 كرات فردي رجال,Qualification,Men,Qatar Billiards & Snooker Federation Hall,,COM-2026-0233,https://gccgames.qa/frontend/schedule-competition
2026-05-15,13:00:00,Billiards,Men’s 9-Ball Singles,9 كرات فردي رجال,Qualification,Men,Qatar Billiards & Snooker Federation Hall,,COM-2026-0234,https://gccgames.qa/frontend/schedule-competition
2026-05-15,13:00:00,Billiards,Men’s 9-Ball Singles,9 كرات فردي رجال,Qualification,Men,Qatar Billiards & Snooker Federation Hall,,COM-2026-0235,https://gccgames.qa/frontend/schedule-competition
2026-05-15,14:30:00,Billiards,Men’s 9-Ball Singles,9 كرات فردي رجال,Qualification,Men,Qatar Billiards & Snooker Federation Hall,,COM-2026-0236,https://gccgames.qa/frontend/schedule-competition
2026-05-15,14:30:00,Billiards,Men’s 9-Ball Singles,9 كرات فردي رجال,Qualification,Men,Qatar Billiards & Snooker Federation Hall,,COM-2026-0237,https://gccgames.qa/frontend/schedule-competition
2026-05-15,16:00:00,Billiards,Men’s 9-Ball Singles,9 كرات فردي رجال,Semi Final,Men,Qatar Billiards & Snooker Federation Hall,,COM-2026-0238,https://gccgames.qa/frontend/schedule-competition
2026-05-15,16:00:00,Billiards,Men’s 9-Ball Singles,9 كرات فردي رجال,Semi Final,Men,Qatar Billiards & Snooker Federation Hall,,COM-2026-0239,https://gccgames.qa/frontend/schedule-competition
2026-05-15,18:00:00,Billiards,Men’s 9-Ball Singles,9 كرات فردي رجال,Final,Men,Qatar Billiards & Snooker Federation Hall,,COM-2026-0240,https://gccgames.qa/frontend/schedule-competition
2026-05-12,12:00:00,Bowling,Men’s Singles – Group A,فردي رجال - المجموعة أ,Group A,Men,Qatar Bowling Federation Hall,,COM-2026-0425,https://gccgames.qa/frontend/schedule-competition
2026-05-12,16:00:00,Bowling,Men’s Singles – Group B,فردي رجال - المجموعة ب,Group B,Men,Qatar Bowling Federation Hall,,COM-2026-0426,https://gccgames.qa/frontend/schedule-competition
2026-05-13,12:00:00,Bowling,Men’s Doubles – Group A,زوجي رجال - المجموعة أ,Group A,Men,Qatar Bowling Federation Hall,,COM-2026-0427,https://gccgames.qa/frontend/schedule-competition
2026-05-13,16:00:00,Bowling,Men’s Doubles – Group B,زوجي رجال - المجموعة ب,Group B,Men,Qatar Bowling Federation Hall,,COM-2026-0428,https://gccgames.qa/frontend/schedule-competition
2026-05-14,10:00:00,Bowling,Men’s Trios – Preliminary,ثلاثي رجال - تمهيدي,Preliminary,Men,Qatar Bowling Federation Hall,,COM-2026-0429,https://gccgames.qa/frontend/schedule-competition
2026-05-14,16:00:00,Bowling,Men’s Trios Final,نهائي ثلاثي رجال,Final,Men,Qatar Bowling Federation Hall,,COM-2026-0430,https://gccgames.qa/frontend/schedule-competition
2026-05-15,16:00:00,Bowling,Men’s Team – Preliminary,فرق رجال - تمهيدي,Preliminary,Men,Qatar Bowling Federation Hall,,COM-2026-0431,https://gccgames.qa/frontend/schedule-competition
2026-05-16,16:00:00,Bowling,Men’s Team Final,نهائي فرق رجال,Final,Men,Qatar Bowling Federation Hall,,COM-2026-0432,https://gccgames.qa/frontend/schedule-competition
2026-05-17,10:00:00,Bowling,Men’s Masters – Preliminary,أساتذة رجال - تمهيدي,Preliminary,Men,Qatar Bowling Federation Hall,,COM-2026-0433,https://gccgames.qa/frontend/schedule-competition
2026-05-17,15:30:00,Bowling,Men’s Masters – Preliminary,أساتذة رجال - تمهيدي,Preliminary,Men,Qatar Bowling Federation Hall,,COM-2026-0434,https://gccgames.qa/frontend/schedule-competition
2026-05-17,18:30:00,Bowling,Men’s Masters – Semi Final,أساتذة رجال - نصف نهائي,Semi Final,Men,Qatar Bowling Federation Hall,,COM-2026-0435,https://gccgames.qa/frontend/schedule-competition
2026-05-17,19:00:00,Bowling,Men’s Masters Final,نهائي الأساتذة رجال,Final,Men,Qatar Bowling Federation Hall,,COM-2026-0436,https://gccgames.qa/frontend/schedule-competition
2026-05-13,17:00:00,Boxing,Men’s 55 kg,55 كجم رجال,Semi Final,Men,Aspire Dome,,COM-2026-0154,https://gccgames.qa/frontend/schedule-competition
2026-05-13,17:15:00,Boxing,Men’s 55 kg,55 كجم رجال,Semi Final,Men,Aspire Dome,,COM-2026-0155,https://gccgames.qa/frontend/schedule-competition
2026-05-13,17:30:00,Boxing,Men’s 60 kg,60 كجم رجال,Semi Final,Men,Aspire Dome,,COM-2026-0156,https://gccgames.qa/frontend/schedule-competition
2026-05-13,17:45:00,Boxing,Men’s 60 kg,60 كجم رجال,Semi Final,Men,Aspire Dome,,COM-2026-0157,https://gccgames.qa/frontend/schedule-competition
2026-05-13,18:00:00,Boxing,Men’s 75 kg,75 كجم رجال,Semi Final,Men,Aspire Dome,,COM-2026-0158,https://gccgames.qa/frontend/schedule-competition
2026-05-13,18:15:00,Boxing,Men’s 75 kg,75 كجم رجال,Semi Final,Men,Aspire Dome,,COM-2026-0159,https://gccgames.qa/frontend/schedule-competition
2026-05-13,18:30:00,Boxing,Men’s 80 kg,80 كجم رجال,Semi Final,Men,Aspire Dome,,COM-2026-0160,https://gccgames.qa/frontend/schedule-competition
2026-05-13,18:45:00,Boxing,Men’s 80 kg,80 كجم رجال,Semi Final,Men,Aspire Dome,,COM-2026-0161,https://gccgames.qa/frontend/schedule-competition
2026-05-14,17:00:00,Boxing,Men’s 55 kg,55 كجم رجال,Final,Men,Aspire Dome,,COM-2026-0162,https://gccgames.qa/frontend/schedule-competition
2026-05-14,17:15:00,Boxing,Men’s 60 kg,60 كجم رجال,Final,Men,Aspire Dome,,COM-2026-0163,https://gccgames.qa/frontend/schedule-competition
2026-05-14,17:45:00,Boxing,Men’s 75 kg,75 كجم رجال,Final,Men,Aspire Dome,,COM-2026-0164,https://gccgames.qa/frontend/schedule-competition
2026-05-14,18:00:00,Boxing,Men’s 80 kg,80 كجم رجال,Final,Men,Aspire Dome,,COM-2026-0165,https://gccgames.qa/frontend/schedule-competition
2026-05-13,17:00:00,Equestrian,Team Show Jumping,قفز الحواجز فرق,Qualification,Mixed,Qatar Equestrian Federation Grounds,,COM-2026-0088,https://gccgames.qa/frontend/schedule-competition
2026-05-13,19:00:00,Equestrian,Team Show Jumping,قفز الحواجز فرق,Semi Final,Mixed,Qatar Equestrian Federation Grounds,,COM-2026-0089,https://gccgames.qa/frontend/schedule-competition
2026-05-13,20:15:00,Equestrian,Team Show Jumping,قفز الحواجز فرق,Final,Mixed,Qatar Equestrian Federation Grounds,,COM-2026-0090,https://gccgames.qa/frontend/schedule-competition
2026-05-15,17:00:00,Equestrian,Individual Show Jumping,قفز الحواجز فردي,Qualification,Mixed,Qatar Equestrian Federation Grounds,,COM-2026-0091,https://gccgames.qa/frontend/schedule-competition
2026-05-15,19:00:00,Equestrian,Individual Show Jumping,قفز الحواجز فردي,Semi Final,Mixed,Qatar Equestrian Federation Grounds,,COM-2026-0092,https://gccgames.qa/frontend/schedule-competition
2026-05-15,20:15:00,Equestrian,Individual Show Jumping,قفز الحواجز فردي,Final,Mixed,Qatar Equestrian Federation Grounds,,COM-2026-0093,https://gccgames.qa/frontend/schedule-competition
2026-05-13,9:00:00,Fencing,Women’s Épée Individual – Group Stage,إيبيه فردي سيدات - دور المجموعات,Group Stage,Women,Aspire Dome,,COM-2026-0405,https://gccgames.qa/frontend/schedule-competition
2026-05-13,10:40:00,Fencing,Women’s Épée Individual – Knockout,إيبيه فردي سيدات - خروج المغلوب,Knockout,Women,Aspire Dome,,COM-2026-0406,https://gccgames.qa/frontend/schedule-competition
2026-05-13,13:45:00,Fencing,Men’s Foil Individual – Group Stage,فلوريه فردي رجال - دور المجموعات,Group Stage,Men,Aspire Dome,,COM-2026-0407,https://gccgames.qa/frontend/schedule-competition
2026-05-13,15:40:00,Fencing,Men’s Foil Individual – Knockout,فلوريه فردي رجال - خروج المغلوب,Knockout,Men,Aspire Dome,,COM-2026-0408,https://gccgames.qa/frontend/schedule-competition
2026-05-13,18:10:00,Fencing,Women’s Épée Individual Final,نهائي إيبيه فردي سيدات,Final,Women,Aspire Dome,,COM-2026-0409,https://gccgames.qa/frontend/schedule-competition
2026-05-13,18:40:00,Fencing,Men’s Foil Individual Final,نهائي فلوريه فردي رجال,Final,Men,Aspire Dome,,COM-2026-0410,https://gccgames.qa/frontend/schedule-competition
2026-05-14,9:00:00,Fencing,Men’s Épée Individual – Group Stage,إيبيه فردي رجال - دور المجموعات,Group Stage,Men,Aspire Dome,,COM-2026-0411,https://gccgames.qa/frontend/schedule-competition
2026-05-14,10:40:00,Fencing,Men’s Épée Individual – Knockout,إيبيه فردي رجال - خروج المغلوب,Knockout,Men,Aspire Dome,,COM-2026-0412,https://gccgames.qa/frontend/schedule-competition
2026-05-14,13:45:00,Fencing,Women’s Foil Individual – Group Stage,فلوريه فردي سيدات - دور المجموعات,Group Stage,Women,Aspire Dome,,COM-2026-0413,https://gccgames.qa/frontend/schedule-competition
2026-05-14,15:40:00,Fencing,Women’s Foil Individual – Knockout,فلوريه فردي سيدات - خروج المغلوب,Knockout,Women,Aspire Dome,,COM-2026-0414,https://gccgames.qa/frontend/schedule-competition
2026-05-14,18:10:00,Fencing,Men’s Épée Individual Final,نهائي إيبيه فردي رجال,Final,Men,Aspire Dome,,COM-2026-0415,https://gccgames.qa/frontend/schedule-competition
2026-05-14,18:40:00,Fencing,Women’s Foil Individual Final,نهائي فلوريه فردي سيدات,Final,Women,Aspire Dome,,COM-2026-0416,https://gccgames.qa/frontend/schedule-competition
2026-05-15,9:00:00,Fencing,Women’s Épée Team – Knockout,إيبيه فرق سيدات - خروج المغلوب,Knockout,Women,Aspire Dome,,COM-2026-0417,https://gccgames.qa/frontend/schedule-competition
2026-05-15,9:00:00,Fencing,Men’s Foil Team – Knockout,فلوريه فرق رجال - خروج المغلوب,Knockout,Men,Aspire Dome,,COM-2026-0418,https://gccgames.qa/frontend/schedule-competition
2026-05-15,11:40:00,Fencing,Women’s Épée Team Final,نهائي إيبيه فرق سيدات,Final,Women,Aspire Dome,,COM-2026-0421,https://gccgames.qa/frontend/schedule-competition
2026-05-15,12:50:00,Fencing,Men’s Épée Team – Knockout,إيبيه فرق رجال - خروج المغلوب,Knockout,Men,Aspire Dome,,COM-2026-0419,https://gccgames.qa/frontend/schedule-competition
2026-05-15,12:50:00,Fencing,Women’s Foil Team – Knockout,فلوريه فرق سيدات - خروج المغلوب,Knockout,Women,Aspire Dome,,COM-2026-0420,https://gccgames.qa/frontend/schedule-competition
2026-05-15,15:30:00,Fencing,Men’s Épée Team Final,نهائي إيبيه فرق رجال,Final,Men,Aspire Dome,,COM-2026-0422,https://gccgames.qa/frontend/schedule-competition
2026-05-15,15:30:00,Fencing,Women’s Foil Team Final,نهائي فلوريه فرق سيدات,Final,Women,Aspire Dome,,COM-2026-0423,https://gccgames.qa/frontend/schedule-competition
2026-05-15,16:40:00,Fencing,Men’s Foil Team Final,نهائي فلوريه فرق رجال,Final,Men,Aspire Dome,,COM-2026-0424,https://gccgames.qa/frontend/schedule-competition
2026-05-14,18:30:00,Handball,Men’s Preliminary,Match 1 - رجال تمهيدي - المباراة 1,Qualification,Men,Al Duhail Sports Hall,"QAT,UAE",COM-2026-0094,https://gccgames.qa/frontend/schedule-competition
2026-05-15,18:30:00,Handball,Men’s Preliminary,Match 2 - رجال تمهيدي - المباراة 2,Qualification,Men,Al Duhail Sports Hall,"BRN,KUW",COM-2026-0095,https://gccgames.qa/frontend/schedule-competition
2026-05-16,16:30:00,Handball,Men’s Preliminary,Match 3 - رجال تمهيدي - المباراة 3,Qualification,Men,Al Duhail Sports Hall,"KSA,UAE",COM-2026-0096,https://gccgames.qa/frontend/schedule-competition
2026-05-16,18:30:00,Handball,Men’s Preliminary,Match 4 - رجال تمهيدي - المباراة 4,Qualification,Men,Al Duhail Sports Hall,"KUW,QAT",COM-2026-0097,https://gccgames.qa/frontend/schedule-competition
2026-05-18,16:30:00,Handball,Men’s Preliminary,Match 5 - رجال تمهيدي - المباراة 5,Qualification,Men,Al Duhail Sports Hall,"KUW,UAE",COM-2026-0098,https://gccgames.qa/frontend/schedule-competition
2026-05-18,18:30:00,Handball,Men’s Preliminary,Match 6 - رجال تمهيدي - المباراة 6,Qualification,Men,Al Duhail Sports Hall,"BRN,KSA",COM-2026-0099,https://gccgames.qa/frontend/schedule-competition
2026-05-19,16:30:00,Handball,Men’s Preliminary,Match 7 - رجال تمهيدي - المباراة 7,Qualification,Men,Al Duhail Sports Hall,"KSA,KUW",COM-2026-0100,https://gccgames.qa/frontend/schedule-competition
2026-05-19,18:30:00,Handball,Men’s Preliminary,Match 8 - رجال تمهيدي - المباراة 8,Qualification,Men,Al Duhail Sports Hall,"BRN,QAT",COM-2026-0101,https://gccgames.qa/frontend/schedule-competition
2026-05-21,18:30:00,Handball,Men’s Preliminary,Match 9 - رجال تمهيدي - المباراة 9,Qualification,Men,Al Duhail Sports Hall,"BRN,UAE",COM-2026-0102,https://gccgames.qa/frontend/schedule-competition
2026-05-22,18:30:00,Handball,Men’s Preliminary,Match 10 - رجال تمهيدي - المباراة 10,Qualification,Men,Al Duhail Sports Hall,"KSA,QAT",COM-2026-0103,https://gccgames.qa/frontend/schedule-competition
2026-05-21,11:00:00,Karate,Men’s Kumite -60 kg,كوميتيه رجال -60 كجم,Qualification,Men,Aspire Dome,,COM-2026-0144,https://gccgames.qa/frontend/schedule-competition
2026-05-21,11:40:00,Karate,Men’s Kumite -67 kg,كوميتيه رجال -67 كجم,Qualification,Men,Aspire Dome,,COM-2026-0145,https://gccgames.qa/frontend/schedule-competition
2026-05-21,15:30:00,Karate,Men’s Kumite -75 kg,كوميتيه رجال -75 كجم,Qualification,Men,Aspire Dome,,COM-2026-0146,https://gccgames.qa/frontend/schedule-competition
2026-05-21,16:10:00,Karate,Men’s Kumite -84 kg,كوميتيه رجال -84 كجم,Qualification,Men,Aspire Dome,,COM-2026-0147,https://gccgames.qa/frontend/schedule-competition
2026-05-21,16:50:00,Karate,Men’s Kumite +84 kg,كوميتيه رجال +84 كجم,Qualification,Men,Aspire Dome,,COM-2026-0148,https://gccgames.qa/frontend/schedule-competition
2026-05-21,18:30:00,Karate,Men’s Kumite -60 kg,كوميتيه رجال -60 كجم,Final,Men,Aspire Dome,,COM-2026-0149,https://gccgames.qa/frontend/schedule-competition
2026-05-21,18:35:00,Karate,Men’s Kumite -67 kg,كوميتيه رجال -67 كجم,Final,Men,Aspire Dome,,COM-2026-0150,https://gccgames.qa/frontend/schedule-competition
2026-05-21,18:40:00,Karate,Men’s Kumite -75 kg,كوميتيه رجال -75 كجم,Final,Men,Aspire Dome,,COM-2026-0151,https://gccgames.qa/frontend/schedule-competition
2026-05-21,18:45:00,Karate,Men’s Kumite -84 kg,كوميتيه رجال -84 كجم,Final,Men,Aspire Dome,,COM-2026-0152,https://gccgames.qa/frontend/schedule-competition
2026-05-21,18:50:00,Karate,Men’s Kumite +84 kg,كوميتيه رجال +84 كجم,Final,Men,Aspire Dome,,COM-2026-0153,https://gccgames.qa/frontend/schedule-competition
2026-05-16,10:00:00,Padel,Women’s Preliminary Match,مباراة تمهيدية سيدات,Preliminary,Women,Aspire Dome,,COM-2026-0401,https://gccgames.qa/frontend/schedule-competition
2026-05-16,10:00:00,Padel,Women’s Preliminary Match,مباراة تمهيدية سيدات,Preliminary,Women,Aspire Dome,,COM-2026-0402,https://gccgames.qa/frontend/schedule-competition
2026-05-16,16:00:00,Padel,Men’s Preliminary Match,مباراة تمهيدية رجال,Preliminary,Men,Aspire Dome,,COM-2026-0403,https://gccgames.qa/frontend/schedule-competition
2026-05-16,16:00:00,Padel,Men’s Preliminary Match,مباراة تمهيدية رجال,Preliminary,Men,Aspire Dome,,COM-2026-0404,https://gccgames.qa/frontend/schedule-competition
2026-05-17,10:00:00,Padel,Women’s Preliminary Match,مباراة تمهيدية سيدات,Preliminary,Women,Aspire Dome,,COM-2026-0385,https://gccgames.qa/frontend/schedule-competition
2026-05-17,10:00:00,Padel,Women’s Preliminary Match,مباراة تمهيدية سيدات,Preliminary,Women,Aspire Dome,,COM-2026-0386,https://gccgames.qa/frontend/schedule-competition
2026-05-17,16:00:00,Padel,Men’s Preliminary Match,مباراة تمهيدية رجال,Preliminary,Men,Aspire Dome,,COM-2026-0387,https://gccgames.qa/frontend/schedule-competition
2026-05-17,16:00:00,Padel,Men’s Preliminary Match,مباراة تمهيدية رجال,Preliminary,Men,Aspire Dome,,COM-2026-0388,https://gccgames.qa/frontend/schedule-competition
2026-05-18,10:00:00,Padel,Women’s Preliminary Match,مباراة تمهيدية سيدات,Preliminary,Women,Aspire Dome,,COM-2026-0389,https://gccgames.qa/frontend/schedule-competition
2026-05-18,10:00:00,Padel,Women’s Preliminary Match,مباراة تمهيدية سيدات,Preliminary,Women,Aspire Dome,,COM-2026-0390,https://gccgames.qa/frontend/schedule-competition
2026-05-18,16:00:00,Padel,Men’s Preliminary Match,مباراة تمهيدية رجال,Preliminary,Men,Aspire Dome,,COM-2026-0391,https://gccgames.qa/frontend/schedule-competition
2026-05-18,16:00:00,Padel,Men’s Preliminary Match,مباراة تمهيدية رجال,Preliminary,Men,Aspire Dome,,COM-2026-0392,https://gccgames.qa/frontend/schedule-competition
2026-05-19,10:00:00,Padel,Women’s Preliminary Match,مباراة تمهيدية سيدات,Preliminary,Women,Aspire Dome,,COM-2026-0393,https://gccgames.qa/frontend/schedule-competition
2026-05-19,10:00:00,Padel,Women’s Preliminary Match,مباراة تمهيدية سيدات,Preliminary,Women,Aspire Dome,,COM-2026-0394,https://gccgames.qa/frontend/schedule-competition
2026-05-19,16:00:00,Padel,Men’s Preliminary Match,مباراة تمهيدية رجال,Preliminary,Men,Aspire Dome,,COM-2026-0395,https://gccgames.qa/frontend/schedule-competition
2026-05-19,16:00:00,Padel,Men’s Preliminary Match,مباراة تمهيدية رجال,Preliminary,Men,Aspire Dome,,COM-2026-0396,https://gccgames.qa/frontend/schedule-competition
2026-05-20,10:00:00,Padel,Women’s Preliminary Match,مباراة تمهيدية سيدات,Preliminary,Women,Aspire Dome,,COM-2026-0397,https://gccgames.qa/frontend/schedule-competition
2026-05-20,10:00:00,Padel,Women’s Preliminary Match,مباراة تمهيدية سيدات,Preliminary,Women,Aspire Dome,,COM-2026-0398,https://gccgames.qa/frontend/schedule-competition
2026-05-20,16:00:00,Padel,Men’s Preliminary Match,مباراة تمهيدية رجال,Preliminary,Men,Aspire Dome,,COM-2026-0399,https://gccgames.qa/frontend/schedule-competition
2026-05-20,16:00:00,Padel,Men’s Preliminary Match,مباراة تمهيدية رجال,Preliminary,Men,Aspire Dome,,COM-2026-0400,https://gccgames.qa/frontend/schedule-competition
2026-05-13,8:30:00,Shooting,Shotgun Official Training,التدريب الرسمي للشوزن,Training,Mixed,Lusail Shooting Range,,COM-2026-0444,https://gccgames.qa/frontend/schedule-competition
2026-05-14,8:30:00,Shooting,Men’s Skeet 75 Targets Qualification,سكيت 75 طبق فردي رجال - تمهيدي,Qualification,Men,Lusail Shooting Range,,COM-2026-0445,https://gccgames.qa/frontend/schedule-competition
2026-05-14,8:30:00,Shooting,Women’s Skeet 75 Targets Qualification,سكيت 75 طبق فردي سيدات - تمهيدي,Qualification,Women,Lusail Shooting Range,,COM-2026-0446,https://gccgames.qa/frontend/schedule-competition
2026-05-14,9:30:00,Shooting,10m Air Rifle Official Training,التدريب الرسمي بندقية 10م,Training,Mixed,Lusail Shooting Range,,COM-2026-0456,https://gccgames.qa/frontend/schedule-competition
2026-05-15,9:30:00,Shooting,Men’s 10m Air Rifle Qualification,البندقية 10م هوائي رجال - تصفيات,Qualification,Men,Lusail Shooting Range,,COM-2026-0457,https://gccgames.qa/frontend/schedule-competition
2026-05-15,11:30:00,Shooting,Women’s 10m Air Rifle Qualification,البندقية 10م هوائي سيدات - تصفيات,Qualification,Women,Lusail Shooting Range,,COM-2026-0458,https://gccgames.qa/frontend/schedule-competition
2026-05-15,12:15:00,Shooting,Men’s 10m Air Rifle Final,نهائي البندقية 10م هوائي رجال,Final,Men,Lusail Shooting Range,,COM-2026-0459,https://gccgames.qa/frontend/schedule-competition
2026-05-15,13:00:00,Shooting,Women’s Skeet Final,نهائي سكيت فردي سيدات,Final,Women,Lusail Shooting Range,,COM-2026-0447,https://gccgames.qa/frontend/schedule-competition
2026-05-15,14:15:00,Shooting,Men’s Skeet Final,نهائي سكيت فردي رجال,Final,Men,Lusail Shooting Range,,COM-2026-0448,https://gccgames.qa/frontend/schedule-competition
2026-05-15,14:15:00,Shooting,Women’s 10m Air Rifle Final,نهائي البندقية 10م هوائي سيدات,Final,Women,Lusail Shooting Range,,COM-2026-0460,https://gccgames.qa/frontend/schedule-competition
2026-05-16,9:30:00,Shooting,Mixed 10m Air Rifle Qualification,البندقية 10م هوائي مختلط - تصفيات,Qualification,Mixed,Lusail Shooting Range,,COM-2026-0461,https://gccgames.qa/frontend/schedule-competition
2026-05-16,11:45:00,Shooting,Mixed 10m Air Rifle Final,نهائي البندقية 10م هوائي مختلط,Final,Mixed,Lusail Shooting Range,,COM-2026-0462,https://gccgames.qa/frontend/schedule-competition
2026-05-16,12:45:00,Shooting,Mixed Skeet Team Final,نهائي سكيت فرق مختلط,Final,Mixed,Lusail Shooting Range,,COM-2026-0449,https://gccgames.qa/frontend/schedule-competition
2026-05-17,8:30:00,Shooting,Shotgun Official Training,تدريب رسمي للشوزن,Training,Mixed,Lusail Shooting Range,,COM-2026-0450,https://gccgames.qa/frontend/schedule-competition
2026-05-18,8:30:00,Shooting,Men’s Trap 75 Targets Qualification,تراب 75 طبق فردي رجال - تمهيدي,Qualification,Men,Lusail Shooting Range,,COM-2026-0451,https://gccgames.qa/frontend/schedule-competition
2026-05-18,8:30:00,Shooting,Women’s Trap 75 Targets Qualification,تراب 75 طبق فردي سيدات - تمهيدي,Qualification,Women,Lusail Shooting Range,,COM-2026-0452,https://gccgames.qa/frontend/schedule-competition
2026-05-18,9:30:00,Shooting,10m Air Pistol Official Training,التدريب الرسمي مسدس 10م,Training,Mixed,Lusail Shooting Range,,COM-2026-0463,https://gccgames.qa/frontend/schedule-competition
2026-05-19,9:30:00,Shooting,Men’s 10m Air Pistol Qualification,المسدس 10م هوائي رجال - تصفيات,Qualification,Men,Lusail Shooting Range,,COM-2026-0464,https://gccgames.qa/frontend/schedule-competition
2026-05-19,11:30:00,Shooting,Women’s 10m Air Pistol Qualification,المسدس 10م هوائي سيدات - تصفيات,Qualification,Women,Lusail Shooting Range,,COM-2026-0465,https://gccgames.qa/frontend/schedule-competition
2026-05-19,12:00:00,Shooting,Women’s Trap Final,نهائي تراب فردي سيدات,Final,Women,Lusail Shooting Range,,COM-2026-0453,https://gccgames.qa/frontend/schedule-competition
2026-05-19,12:15:00,Shooting,Men’s 10m Air Pistol Final,نهائي المسدس 10م هوائي رجال,Final,Men,Lusail Shooting Range,,COM-2026-0466,https://gccgames.qa/frontend/schedule-competition
2026-05-19,13:15:00,Shooting,Men’s Trap Final,نهائي تراب فردي رجال,Final,Men,Lusail Shooting Range,,COM-2026-0454,https://gccgames.qa/frontend/schedule-competition
2026-05-19,14:15:00,Shooting,Women’s 10m Air Pistol Final,نهائي المسدس 10م هوائي سيدات,Final,Women,Lusail Shooting Range,,COM-2026-0467,https://gccgames.qa/frontend/schedule-competition
2026-05-20,9:30:00,Shooting,Mixed 10m Air Pistol Qualification,المسدس 10م هوائي مختلط - تصفيات,Qualification,Mixed,Lusail Shooting Range,,COM-2026-0468,https://gccgames.qa/frontend/schedule-competition
2026-05-20,11:45:00,Shooting,Mixed 10m Air Pistol Final,نهائي المسدس 10م هوائي مختلط,Final,Mixed,Lusail Shooting Range,,COM-2026-0469,https://gccgames.qa/frontend/schedule-competition
2026-05-20,12:45:00,Shooting,Mixed Trap Team Final,نهائي تراب فرق مختلط,Final,Mixed,Lusail Shooting Range,,COM-2026-0455,https://gccgames.qa/frontend/schedule-competition
2026-05-15,13:00:00,Snooker,Men’s 6-Red Singles,6 كرات فردي رجال,Qualification,Men,Qatar Billiards & Snooker Federation Hall,,COM-2026-0241,https://gccgames.qa/frontend/schedule-competition
2026-05-15,13:00:00,Snooker,Men’s 6-Red Singles,6 كرات فردي رجال,Qualification,Men,Qatar Billiards & Snooker Federation Hall,,COM-2026-0242,https://gccgames.qa/frontend/schedule-competition
2026-05-15,13:00:00,Snooker,Men’s 6-Red Singles,6 كرات فردي رجال,Qualification,Men,Qatar Billiards & Snooker Federation Hall,,COM-2026-0243,https://gccgames.qa/frontend/schedule-competition
2026-05-15,13:00:00,Snooker,Men’s 6-Red Singles,6 كرات فردي رجال,Qualification,Men,Qatar Billiards & Snooker Federation Hall,,COM-2026-0244,https://gccgames.qa/frontend/schedule-competition
2026-05-15,15:00:00,Snooker,Men’s 6-Red Singles,6 كرات فردي رجال,Qualification,Men,Qatar Billiards & Snooker Federation Hall,,COM-2026-0245,https://gccgames.qa/frontend/schedule-competition
2026-05-15,15:00:00,Snooker,Men’s 6-Red Singles,6 كرات فردي رجال,Qualification,Men,Qatar Billiards & Snooker Federation Hall,,COM-2026-0246,https://gccgames.qa/frontend/schedule-competition
2026-05-15,15:00:00,Snooker,Men’s 6-Red Singles,6 كرات فردي رجال,Qualification,Men,Qatar Billiards & Snooker Federation Hall,,COM-2026-0247,https://gccgames.qa/frontend/schedule-competition
2026-05-15,15:00:00,Snooker,Men’s 6-Red Singles,6 كرات فردي رجال,Qualification,Men,Qatar Billiards & Snooker Federation Hall,,COM-2026-0248,https://gccgames.qa/frontend/schedule-competition
2026-05-15,17:00:00,Snooker,Men’s 6-Red Singles,6 كرات فردي رجال,Qualification,Men,Qatar Billiards & Snooker Federation Hall,,COM-2026-0249,https://gccgames.qa/frontend/schedule-competition
2026-05-15,17:00:00,Snooker,Men’s 6-Red Singles,6 كرات فردي رجال,Qualification,Men,Qatar Billiards & Snooker Federation Hall,,COM-2026-0250,https://gccgames.qa/frontend/schedule-competition
2026-05-15,17:00:00,Snooker,Men’s 6-Red Singles,6 كرات فردي رجال,Qualification,Men,Qatar Billiards & Snooker Federation Hall,,COM-2026-0251,https://gccgames.qa/frontend/schedule-competition
2026-05-15,17:00:00,Snooker,Men’s 6-Red Singles,6 كرات فردي رجال,Qualification,Men,Qatar Billiards & Snooker Federation Hall,,COM-2026-0252,https://gccgames.qa/frontend/schedule-competition
2026-05-16,10:00:00,Snooker,Men’s 6-Red Singles,6 كرات فردي رجال,Quarter Final,Men,Qatar Billiards & Snooker Federation Hall,,COM-2026-0253,https://gccgames.qa/frontend/schedule-competition
2026-05-16,10:00:00,Snooker,Men’s 6-Red Singles,6 كرات فردي رجال,Quarter Final,Men,Qatar Billiards & Snooker Federation Hall,,COM-2026-0254,https://gccgames.qa/frontend/schedule-competition
2026-05-16,10:00:00,Snooker,Men’s 6-Red Singles,6 كرات فردي رجال,Quarter Final,Men,Qatar Billiards & Snooker Federation Hall,,COM-2026-0255,https://gccgames.qa/frontend/schedule-competition
2026-05-16,10:00:00,Snooker,Men’s 6-Red Singles,6 كرات فردي رجال,Quarter Final,Men,Qatar Billiards & Snooker Federation Hall,,COM-2026-0256,https://gccgames.qa/frontend/schedule-competition
2026-05-16,13:00:00,Snooker,Men’s 6-Red Singles,6 كرات فردي رجال,Semi Final,Men,Qatar Billiards & Snooker Federation Hall,,COM-2026-0257,https://gccgames.qa/frontend/schedule-competition
2026-05-16,13:00:00,Snooker,Men’s 6-Red Singles,6 كرات فردي رجال,Semi Final,Men,Qatar Billiards & Snooker Federation Hall,,COM-2026-0258,https://gccgames.qa/frontend/schedule-competition
2026-05-16,17:00:00,Snooker,Men’s 6-Red Singles,6 كرات فردي رجال,Final,Men,Qatar Billiards & Snooker Federation Hall,,COM-2026-0259,https://gccgames.qa/frontend/schedule-competition
2026-05-17,10:00:00,Snooker,Men’s Singles,فردي رجال,Qualification,Men,Qatar Billiards & Snooker Federation Hall,,COM-2026-0260,https://gccgames.qa/frontend/schedule-competition
2026-05-17,10:00:00,Snooker,Men’s Singles,فردي رجال,Qualification,Men,Qatar Billiards & Snooker Federation Hall,,COM-2026-0261,https://gccgames.qa/frontend/schedule-competition
2026-05-17,10:00:00,Snooker,Men’s Singles,فردي رجال,Qualification,Men,Qatar Billiards & Snooker Federation Hall,,COM-2026-0262,https://gccgames.qa/frontend/schedule-competition
2026-05-17,10:00:00,Snooker,Men’s Singles,فردي رجال,Qualification,Men,Qatar Billiards & Snooker Federation Hall,,COM-2026-0263,https://gccgames.qa/frontend/schedule-competition
2026-05-17,13:00:00,Snooker,Men’s Singles,فردي رجال,Qualification,Men,Qatar Billiards & Snooker Federation Hall,,COM-2026-0264,https://gccgames.qa/frontend/schedule-competition
2026-05-17,13:00:00,Snooker,Men’s Singles,فردي رجال,Qualification,Men,Qatar Billiards & Snooker Federation Hall,,COM-2026-0265,https://gccgames.qa/frontend/schedule-competition
2026-05-17,13:00:00,Snooker,Men’s Singles,فردي رجال,Qualification,Men,Qatar Billiards & Snooker Federation Hall,,COM-2026-0266,https://gccgames.qa/frontend/schedule-competition
2026-05-17,13:00:00,Snooker,Men’s Singles,فردي رجال,Qualification,Men,Qatar Billiards & Snooker Federation Hall,,COM-2026-0267,https://gccgames.qa/frontend/schedule-competition
2026-05-17,15:00:00,Snooker,Men’s Singles,فردي رجال,Qualification,Men,Qatar Billiards & Snooker Federation Hall,,COM-2026-0268,https://gccgames.qa/frontend/schedule-competition
2026-05-17,15:00:00,Snooker,Men’s Singles,فردي رجال,Qualification,Men,Qatar Billiards & Snooker Federation Hall,,COM-2026-0269,https://gccgames.qa/frontend/schedule-competition
2026-05-17,15:00:00,Snooker,Men’s Singles,فردي رجال,Qualification,Men,Qatar Billiards & Snooker Federation Hall,,COM-2026-0270,https://gccgames.qa/frontend/schedule-competition
2026-05-17,15:00:00,Snooker,Men’s Singles,فردي رجال,Qualification,Men,Qatar Billiards & Snooker Federation Hall,,COM-2026-0271,https://gccgames.qa/frontend/schedule-competition
2026-05-17,18:00:00,Snooker,Men’s Singles,فردي رجال,Quarter Final,Men,Qatar Billiards & Snooker Federation Hall,,COM-2026-0272,https://gccgames.qa/frontend/schedule-competition
2026-05-17,18:00:00,Snooker,Men’s Singles,فردي رجال,Quarter Final,Men,Qatar Billiards & Snooker Federation Hall,,COM-2026-0273,https://gccgames.qa/frontend/schedule-competition
2026-05-17,18:00:00,Snooker,Men’s Singles,فردي رجال,Quarter Final,Men,Qatar Billiards & Snooker Federation Hall,,COM-2026-0274,https://gccgames.qa/frontend/schedule-competition
2026-05-17,18:00:00,Snooker,Men’s Singles,فردي رجال,Quarter Final,Men,Qatar Billiards & Snooker Federation Hall,,COM-2026-0275,https://gccgames.qa/frontend/schedule-competition
2026-05-18,10:00:00,Snooker,Men’s Singles,فردي رجال,Semi Final,Men,Qatar Billiards & Snooker Federation Hall,,COM-2026-0276,https://gccgames.qa/frontend/schedule-competition
2026-05-18,10:00:00,Snooker,Men’s Singles,فردي رجال,Semi Final,Men,Qatar Billiards & Snooker Federation Hall,,COM-2026-0277,https://gccgames.qa/frontend/schedule-competition
2026-05-18,10:00:00,Snooker,Men’s Team,فرق رجال,Qualification,Men,Qatar Billiards & Snooker Federation Hall,,COM-2026-0279,https://gccgames.qa/frontend/schedule-competition
2026-05-18,10:00:00,Snooker,Men’s Team,فرق رجال,Qualification,Men,Qatar Billiards & Snooker Federation Hall,,COM-2026-0280,https://gccgames.qa/frontend/schedule-competition
2026-05-18,10:00:00,Snooker,Men’s Team,فرق رجال,Qualification,Men,Qatar Billiards & Snooker Federation Hall,,COM-2026-0281,https://gccgames.qa/frontend/schedule-competition
2026-05-18,10:00:00,Snooker,Men’s Team,فرق رجال,Qualification,Men,Qatar Billiards & Snooker Federation Hall,,COM-2026-0282,https://gccgames.qa/frontend/schedule-competition
2026-05-18,13:00:00,Snooker,Men’s Singles,فردي رجال,Final,Men,Qatar Billiards & Snooker Federation Hall,,COM-2026-0278,https://gccgames.qa/frontend/schedule-competition
2026-05-18,13:00:00,Snooker,Men’s Team,فرق رجال,Qualification,Men,Qatar Billiards & Snooker Federation Hall,,COM-2026-0283,https://gccgames.qa/frontend/schedule-competition
2026-05-18,13:00:00,Snooker,Men’s Team,فرق رجال,Qualification,Men,Qatar Billiards & Snooker Federation Hall,,COM-2026-0284,https://gccgames.qa/frontend/schedule-competition
2026-05-19,10:00:00,Snooker,Men’s Team,فرق رجال,Semi Final,Men,Qatar Billiards & Snooker Federation Hall,,COM-2026-0285,https://gccgames.qa/frontend/schedule-competition
2026-05-19,10:00:00,Snooker,Men’s Team,فرق رجال,Semi Final,Men,Qatar Billiards & Snooker Federation Hall,,COM-2026-0286,https://gccgames.qa/frontend/schedule-competition
2026-05-19,13:00:00,Snooker,Men’s Team,فرق رجال,Final,Men,Qatar Billiards & Snooker Federation Hall,,COM-2026-0287,https://gccgames.qa/frontend/schedule-competition
2026-05-12,17:00:00,Swimming,Men’s 800m Freestyle,800 متر حرة رجال,Final,Men,Hamad Aquatic Center,,COM-2026-0001,https://gccgames.qa/frontend/schedule-competition
2026-05-12,17:25:00,Swimming,Men’s 200m Individual Medley,200 متر متنوع رجال,Final,Men,Hamad Aquatic Center,,COM-2026-0002,https://gccgames.qa/frontend/schedule-competition
2026-05-12,17:50:00,Swimming,Men’s 50m Freestyle,50 متر حرة رجال,Final,Men,Hamad Aquatic Center,,COM-2026-0003,https://gccgames.qa/frontend/schedule-competition
2026-05-12,18:00:00,Swimming,Men’s 100m Backstroke,100 متر ظهر رجال,Final,Men,Hamad Aquatic Center,,COM-2026-0004,https://gccgames.qa/frontend/schedule-competition
2026-05-12,18:10:00,Swimming,Men’s 200m Butterfly,200 متر فراشة رجال,Final,Men,Hamad Aquatic Center,,COM-2026-0005,https://gccgames.qa/frontend/schedule-competition
2026-05-13,17:00:00,Swimming,Men’s 400m Freestyle,400 متر حرة رجال,Final,Men,Hamad Aquatic Center,,COM-2026-0006,https://gccgames.qa/frontend/schedule-competition
2026-05-13,17:20:00,Swimming,Men’s 50m Breaststroke,50 متر صدر رجال,Final,Men,Hamad Aquatic Center,,COM-2026-0007,https://gccgames.qa/frontend/schedule-competition
2026-05-13,17:45:00,Swimming,Men’s 100m Freestyle,100 متر حرة رجال,Final,Men,Hamad Aquatic Center,,COM-2026-0008,https://gccgames.qa/frontend/schedule-competition
2026-05-13,17:55:00,Swimming,Men’s 200m Backstroke,200 متر ظهر رجال,Final,Men,Hamad Aquatic Center,,COM-2026-0009,https://gccgames.qa/frontend/schedule-competition
2026-05-13,18:20:00,Swimming,Men’s 4x100m Freestyle Relay,4×100 متر حرة تتابع رجال,Final,Men,Hamad Aquatic Center,,COM-2026-0010,https://gccgames.qa/frontend/schedule-competition
2026-05-14,17:00:00,Swimming,Men’s 400m Individual Medley,400 متر متنوع رجال,Final,Men,Hamad Aquatic Center,,COM-2026-0011,https://gccgames.qa/frontend/schedule-competition
2026-05-14,17:10:00,Swimming,Men’s 100m Breaststroke,100 متر صدر رجال,Final,Men,Hamad Aquatic Center,,COM-2026-0012,https://gccgames.qa/frontend/schedule-competition
2026-05-14,17:35:00,Swimming,Men’s 200m Freestyle,200 متر حرة رجال,Final,Men,Hamad Aquatic Center,,COM-2026-0013,https://gccgames.qa/frontend/schedule-competition
2026-05-14,17:45:00,Swimming,Men’s 50m Butterfly,50 متر فراشة رجال,Final,Men,Hamad Aquatic Center,,COM-2026-0014,https://gccgames.qa/frontend/schedule-competition
2026-05-14,18:10:00,Swimming,Men’s 4x200m Freestyle Relay,4×200 متر حرة تتابع رجال,Final,Men,Hamad Aquatic Center,,COM-2026-0015,https://gccgames.qa/frontend/schedule-competition
2026-05-15,17:00:00,Swimming,Men’s 1500m Freestyle,1500 متر حرة رجال,Final,Men,Hamad Aquatic Center,,COM-2026-0016,https://gccgames.qa/frontend/schedule-competition
2026-05-15,17:30:00,Swimming,Men’s 50m Backstroke,50 متر ظهر رجال,Final,Men,Hamad Aquatic Center,,COM-2026-0017,https://gccgames.qa/frontend/schedule-competition
2026-05-15,17:55:00,Swimming,Men’s 100m Butterfly,100 متر فراشة رجال,Final,Men,Hamad Aquatic Center,,COM-2026-0018,https://gccgames.qa/frontend/schedule-competition
2026-05-15,18:10:00,Swimming,Men’s 200m Breaststroke,200 متر صدر رجال,Final,Men,Hamad Aquatic Center,,COM-2026-0019,https://gccgames.qa/frontend/schedule-competition
2026-05-15,18:40:00,Swimming,Men’s 4x100m Medley Relay,4×100 متر متنوع تتابع رجال,Final,Men,Hamad Aquatic Center,,COM-2026-0020,https://gccgames.qa/frontend/schedule-competition
2026-05-12,10:00:00,Table Tennis,Women’s Team Qualification,فرق سيدات,Qualification,Women,Aspire Dome,,COM-2026-0288,https://gccgames.qa/frontend/schedule-competition
2026-05-12,10:00:00,Table Tennis,Women’s Team Qualification,فرق سيدات,Qualification,Women,Aspire Dome,,COM-2026-0289,https://gccgames.qa/frontend/schedule-competition
2026-05-12,10:00:00,Table Tennis,Women’s Team Qualification,فرق سيدات,Qualification,Women,Aspire Dome,,COM-2026-0290,https://gccgames.qa/frontend/schedule-competition
2026-05-12,10:00:00,Table Tennis,Men’s Team Qualification,فرق رجال,Qualification,Men,Aspire Dome,,COM-2026-0291,https://gccgames.qa/frontend/schedule-competition
2026-05-12,10:00:00,Table Tennis,Men’s Team Qualification,فرق رجال,Qualification,Men,Aspire Dome,,COM-2026-0292,https://gccgames.qa/frontend/schedule-competition
2026-05-12,10:00:00,Table Tennis,Men’s Team Qualification,فرق رجال,Qualification,Men,Aspire Dome,,COM-2026-0293,https://gccgames.qa/frontend/schedule-competition
2026-05-12,15:00:00,Table Tennis,Women’s Team Qualification,فرق سيدات,Qualification,Women,Aspire Dome,,COM-2026-0294,https://gccgames.qa/frontend/schedule-competition
2026-05-12,15:00:00,Table Tennis,Women’s Team Qualification,فرق سيدات,Qualification,Women,Aspire Dome,,COM-2026-0295,https://gccgames.qa/frontend/schedule-competition
2026-05-12,15:00:00,Table Tennis,Women’s Team Qualification,فرق سيدات,Qualification,Women,Aspire Dome,,COM-2026-0296,https://gccgames.qa/frontend/schedule-competition
2026-05-12,15:00:00,Table Tennis,Men’s Team Qualification,فرق رجال,Qualification,Men,Aspire Dome,,COM-2026-0297,https://gccgames.qa/frontend/schedule-competition
2026-05-12,15:00:00,Table Tennis,Men’s Team Qualification,فرق رجال,Qualification,Men,Aspire Dome,,COM-2026-0298,https://gccgames.qa/frontend/schedule-competition
2026-05-12,15:00:00,Table Tennis,Men’s Team Qualification,فرق رجال,Qualification,Men,Aspire Dome,,COM-2026-0299,https://gccgames.qa/frontend/schedule-competition
2026-05-12,19:00:00,Table Tennis,Women’s Team Qualification,فرق سيدات,Qualification,Women,Aspire Dome,,COM-2026-0300,https://gccgames.qa/frontend/schedule-competition
2026-05-12,19:00:00,Table Tennis,Women’s Team Qualification,فرق سيدات,Qualification,Women,Aspire Dome,,COM-2026-0301,https://gccgames.qa/frontend/schedule-competition
2026-05-12,19:00:00,Table Tennis,Women’s Team Qualification,فرق سيدات,Qualification,Women,Aspire Dome,,COM-2026-0302,https://gccgames.qa/frontend/schedule-competition
2026-05-12,19:00:00,Table Tennis,Men’s Team Qualification,فرق رجال,Qualification,Men,Aspire Dome,,COM-2026-0303,https://gccgames.qa/frontend/schedule-competition
2026-05-12,19:00:00,Table Tennis,Men’s Team Qualification,فرق رجال,Qualification,Men,Aspire Dome,,COM-2026-0304,https://gccgames.qa/frontend/schedule-competition
2026-05-12,19:00:00,Table Tennis,Men’s Team Qualification,فرق رجال,Qualification,Men,Aspire Dome,,COM-2026-0305,https://gccgames.qa/frontend/schedule-competition
2026-05-13,10:00:00,Table Tennis,Mixed Doubles Round of 16,زوجي مختلط دور 16,Round of 16,Mixed,Aspire Dome,,COM-2026-0306,https://gccgames.qa/frontend/schedule-competition
2026-05-13,10:00:00,Table Tennis,Mixed Doubles Round of 16,زوجي مختلط دور 16,Round of 16,Mixed,Aspire Dome,,COM-2026-0307,https://gccgames.qa/frontend/schedule-competition
2026-05-13,10:00:00,Table Tennis,Mixed Doubles Round of 16,زوجي مختلط دور 16,Round of 16,Mixed,Aspire Dome,,COM-2026-0308,https://gccgames.qa/frontend/schedule-competition
2026-05-13,10:00:00,Table Tennis,Mixed Doubles Round of 16,زوجي مختلط دور 16,Round of 16,Mixed,Aspire Dome,,COM-2026-0309,https://gccgames.qa/frontend/schedule-competition
2026-05-13,10:50:00,Table Tennis,Women’s Doubles Round of 16,زوجي سيدات دور 16,Round of 16,Women,Aspire Dome,,COM-2026-0310,https://gccgames.qa/frontend/schedule-competition
2026-05-13,10:50:00,Table Tennis,Women’s Doubles Round of 16,زوجي سيدات دور 16,Round of 16,Women,Aspire Dome,,COM-2026-0311,https://gccgames.qa/frontend/schedule-competition
2026-05-13,10:50:00,Table Tennis,Women’s Doubles Round of 16,زوجي سيدات دور 16,Round of 16,Women,Aspire Dome,,COM-2026-0312,https://gccgames.qa/frontend/schedule-competition
2026-05-13,10:50:00,Table Tennis,Men’s Doubles Round of 16,زوجي رجال دور 16,Round of 16,Men,Aspire Dome,,COM-2026-0313,https://gccgames.qa/frontend/schedule-competition
2026-05-13,10:50:00,Table Tennis,Men’s Doubles Round of 16,زوجي رجال دور 16,Round of 16,Men,Aspire Dome,,COM-2026-0314,https://gccgames.qa/frontend/schedule-competition
2026-05-13,10:50:00,Table Tennis,Men’s Doubles Round of 16,زوجي رجال دور 16,Round of 16,Men,Aspire Dome,,COM-2026-0315,https://gccgames.qa/frontend/schedule-competition
2026-05-13,10:50:00,Table Tennis,Men’s Doubles Round of 16,زوجي رجال دور 16,Round of 16,Men,Aspire Dome,,COM-2026-0316,https://gccgames.qa/frontend/schedule-competition
2026-05-13,10:50:00,Table Tennis,Men’s Doubles Round of 16,زوجي رجال دور 16,Round of 16,Men,Aspire Dome,,COM-2026-0317,https://gccgames.qa/frontend/schedule-competition
2026-05-13,11:40:00,Table Tennis,Mixed Doubles Quarterfinal,زوجي مختلط ربع نهائي,Quarterfinal,Mixed,Aspire Dome,,COM-2026-0318,https://gccgames.qa/frontend/schedule-competition
2026-05-13,11:40:00,Table Tennis,Mixed Doubles Quarterfinal,زوجي مختلط ربع نهائي,Quarterfinal,Mixed,Aspire Dome,,COM-2026-0319,https://gccgames.qa/frontend/schedule-competition
2026-05-13,11:40:00,Table Tennis,Mixed Doubles Quarterfinal,زوجي مختلط ربع نهائي,Quarterfinal,Mixed,Aspire Dome,,COM-2026-0320,https://gccgames.qa/frontend/schedule-competition
2026-05-13,11:40:00,Table Tennis,Mixed Doubles Quarterfinal,زوجي مختلط ربع نهائي,Quarterfinal,Mixed,Aspire Dome,,COM-2026-0321,https://gccgames.qa/frontend/schedule-competition
2026-05-13,15:00:00,Table Tennis,Women’s Team Qualification,فرق سيدات,Qualification,Women,Aspire Dome,,COM-2026-0322,https://gccgames.qa/frontend/schedule-competition
2026-05-13,15:00:00,Table Tennis,Women’s Team Qualification,فرق سيدات,Qualification,Women,Aspire Dome,,COM-2026-0323,https://gccgames.qa/frontend/schedule-competition
2026-05-13,15:00:00,Table Tennis,Women’s Team Qualification,فرق سيدات,Qualification,Women,Aspire Dome,,COM-2026-0324,https://gccgames.qa/frontend/schedule-competition
2026-05-13,15:00:00,Table Tennis,Men’s Team Qualification,فرق رجال,Qualification,Men,Aspire Dome,,COM-2026-0325,https://gccgames.qa/frontend/schedule-competition
2026-05-13,15:00:00,Table Tennis,Men’s Team Qualification,فرق رجال,Qualification,Men,Aspire Dome,,COM-2026-0326,https://gccgames.qa/frontend/schedule-competition
2026-05-13,15:00:00,Table Tennis,Men’s Team Qualification,فرق رجال,Qualification,Men,Aspire Dome,,COM-2026-0327,https://gccgames.qa/frontend/schedule-competition
2026-05-13,19:00:00,Table Tennis,Women’s Team Qualification,فرق سيدات,Qualification,Women,Aspire Dome,,COM-2026-0328,https://gccgames.qa/frontend/schedule-competition
2026-05-13,19:00:00,Table Tennis,Women’s Team Qualification,فرق سيدات,Qualification,Women,Aspire Dome,,COM-2026-0329,https://gccgames.qa/frontend/schedule-competition
2026-05-13,19:00:00,Table Tennis,Women’s Team Qualification,فرق سيدات,Qualification,Women,Aspire Dome,,COM-2026-0330,https://gccgames.qa/frontend/schedule-competition
2026-05-13,19:00:00,Table Tennis,Men’s Team Qualification,فرق رجال,Qualification,Men,Aspire Dome,,COM-2026-0331,https://gccgames.qa/frontend/schedule-competition
2026-05-13,19:00:00,Table Tennis,Men’s Team Qualification,فرق رجال,Qualification,Men,Aspire Dome,,COM-2026-0332,https://gccgames.qa/frontend/schedule-competition
2026-05-13,19:00:00,Table Tennis,Men’s Team Qualification,فرق رجال,Qualification,Men,Aspire Dome,,COM-2026-0333,https://gccgames.qa/frontend/schedule-competition
2026-05-14,10:00:00,Table Tennis,Men’s Singles Round of 32,فردي رجال دور 32,Round of 32,Men,Aspire Dome,,COM-2026-0334,https://gccgames.qa/frontend/schedule-competition
2026-05-14,10:00:00,Table Tennis,Men’s Singles Round of 32,فردي رجال دور 32,Round of 32,Men,Aspire Dome,,COM-2026-0335,https://gccgames.qa/frontend/schedule-competition
2026-05-14,10:00:00,Table Tennis,Women’s Singles Round of 32,فردي سيدات دور 32,Round of 32,Women,Aspire Dome,,COM-2026-0336,https://gccgames.qa/frontend/schedule-competition
2026-05-14,10:00:00,Table Tennis,Women’s Singles Round of 32,فردي سيدات دور 32,Round of 32,Women,Aspire Dome,,COM-2026-0337,https://gccgames.qa/frontend/schedule-competition
2026-05-14,10:50:00,Table Tennis,Mixed Doubles Semifinal,زوجي مختلط نصف نهائي,Semifinal,Mixed,Aspire Dome,,COM-2026-0338,https://gccgames.qa/frontend/schedule-competition
2026-05-14,10:50:00,Table Tennis,Mixed Doubles Semifinal,زوجي مختلط نصف نهائي,Semifinal,Mixed,Aspire Dome,,COM-2026-0339,https://gccgames.qa/frontend/schedule-competition
2026-05-14,11:40:00,Table Tennis,Women’s Singles Round of 16,فردي سيدات دور 16,Round of 16,Women,Aspire Dome,,COM-2026-0340,https://gccgames.qa/frontend/schedule-competition
2026-05-14,11:40:00,Table Tennis,Women’s Singles Round of 16,فردي سيدات دور 16,Round of 16,Women,Aspire Dome,,COM-2026-0341,https://gccgames.qa/frontend/schedule-competition
2026-05-14,11:40:00,Table Tennis,Women’s Singles Round of 16,فردي سيدات دور 16,Round of 16,Women,Aspire Dome,,COM-2026-0342,https://gccgames.qa/frontend/schedule-competition
2026-05-14,11:40:00,Table Tennis,Women’s Singles Round of 16,فردي سيدات دور 16,Round of 16,Women,Aspire Dome,,COM-2026-0343,https://gccgames.qa/frontend/schedule-competition
2026-05-14,11:40:00,Table Tennis,Women’s Singles Round of 16,فردي سيدات دور 16,Round of 16,Women,Aspire Dome,,COM-2026-0344,https://gccgames.qa/frontend/schedule-competition
2026-05-14,11:40:00,Table Tennis,Women’s Singles Round of 16,فردي سيدات دور 16,Round of 16,Women,Aspire Dome,,COM-2026-0345,https://gccgames.qa/frontend/schedule-competition
2026-05-14,11:40:00,Table Tennis,Women’s Singles Round of 16,فردي سيدات دور 16,Round of 16,Women,Aspire Dome,,COM-2026-0346,https://gccgames.qa/frontend/schedule-competition
2026-05-14,11:40:00,Table Tennis,Women’s Singles Round of 16,فردي سيدات دور 16,Round of 16,Women,Aspire Dome,,COM-2026-0347,https://gccgames.qa/frontend/schedule-competition
2026-05-14,12:15:00,Table Tennis,Men’s Singles Round of 16,فردي رجال دور 16,Round of 16,Men,Aspire Dome,,COM-2026-0348,https://gccgames.qa/frontend/schedule-competition
2026-05-14,12:15:00,Table Tennis,Men’s Singles Round of 16,فردي رجال دور 16,Round of 16,Men,Aspire Dome,,COM-2026-0349,https://gccgames.qa/frontend/schedule-competition
2026-05-14,12:15:00,Table Tennis,Men’s Singles Round of 16,فردي رجال دور 16,Round of 16,Men,Aspire Dome,,COM-2026-0350,https://gccgames.qa/frontend/schedule-competition
2026-05-14,12:15:00,Table Tennis,Men’s Singles Round of 16,فردي رجال دور 16,Round of 16,Men,Aspire Dome,,COM-2026-0351,https://gccgames.qa/frontend/schedule-competition
2026-05-14,12:15:00,Table Tennis,Men’s Singles Round of 16,فردي رجال دور 16,Round of 16,Men,Aspire Dome,,COM-2026-0352,https://gccgames.qa/frontend/schedule-competition
2026-05-14,12:15:00,Table Tennis,Men’s Singles Round of 16,فردي رجال دور 16,Round of 16,Men,Aspire Dome,,COM-2026-0353,https://gccgames.qa/frontend/schedule-competition
2026-05-14,12:15:00,Table Tennis,Men’s Singles Round of 16,فردي رجال دور 16,Round of 16,Men,Aspire Dome,,COM-2026-0354,https://gccgames.qa/frontend/schedule-competition
2026-05-14,12:15:00,Table Tennis,Men’s Singles Round of 16,فردي رجال دور 16,Round of 16,Men,Aspire Dome,,COM-2026-0355,https://gccgames.qa/frontend/schedule-competition
2026-05-14,16:00:00,Table Tennis,Women’s Doubles Quarterfinal,زوجي سيدات ربع نهائي,Quarterfinal,Women,Aspire Dome,,COM-2026-0356,https://gccgames.qa/frontend/schedule-competition
2026-05-14,16:00:00,Table Tennis,Women’s Doubles Quarterfinal,زوجي سيدات ربع نهائي,Quarterfinal,Women,Aspire Dome,,COM-2026-0357,https://gccgames.qa/frontend/schedule-competition
2026-05-14,16:00:00,Table Tennis,Women’s Doubles Quarterfinal,زوجي سيدات ربع نهائي,Quarterfinal,Women,Aspire Dome,,COM-2026-0358,https://gccgames.qa/frontend/schedule-competition
2026-05-14,16:00:00,Table Tennis,Women’s Doubles Quarterfinal,زوجي سيدات ربع نهائي,Quarterfinal,Women,Aspire Dome,,COM-2026-0359,https://gccgames.qa/frontend/schedule-competition
2026-05-14,16:35:00,Table Tennis,Men’s Doubles Quarterfinal,زوجي رجال ربع نهائي,Quarterfinal,Men,Aspire Dome,,COM-2026-0360,https://gccgames.qa/frontend/schedule-competition
2026-05-14,16:35:00,Table Tennis,Men’s Doubles Quarterfinal,زوجي رجال ربع نهائي,Quarterfinal,Men,Aspire Dome,,COM-2026-0361,https://gccgames.qa/frontend/schedule-competition
2026-05-14,16:35:00,Table Tennis,Men’s Doubles Quarterfinal,زوجي رجال ربع نهائي,Quarterfinal,Men,Aspire Dome,,COM-2026-0362,https://gccgames.qa/frontend/schedule-competition
2026-05-14,16:35:00,Table Tennis,Men’s Doubles Quarterfinal,زوجي رجال ربع نهائي,Quarterfinal,Men,Aspire Dome,,COM-2026-0363,https://gccgames.qa/frontend/schedule-competition
2026-05-14,17:25:00,Table Tennis,Women’s Singles Quarterfinal,فردي سيدات ربع نهائي,Quarterfinal,Women,Aspire Dome,,COM-2026-0364,https://gccgames.qa/frontend/schedule-competition
2026-05-14,17:25:00,Table Tennis,Women’s Singles Quarterfinal,فردي سيدات ربع نهائي,Quarterfinal,Women,Aspire Dome,,COM-2026-0365,https://gccgames.qa/frontend/schedule-competition
2026-05-14,17:25:00,Table Tennis,Women’s Singles Quarterfinal,فردي سيدات ربع نهائي,Quarterfinal,Women,Aspire Dome,,COM-2026-0366,https://gccgames.qa/frontend/schedule-competition
2026-05-14,17:25:00,Table Tennis,Women’s Singles Quarterfinal,فردي سيدات ربع نهائي,Quarterfinal,Women,Aspire Dome,,COM-2026-0367,https://gccgames.qa/frontend/schedule-competition
2026-05-14,18:10:00,Table Tennis,Men’s Singles Quarterfinal,فردي رجال ربع نهائي,Quarterfinal,Men,Aspire Dome,,COM-2026-0368,https://gccgames.qa/frontend/schedule-competition
2026-05-14,18:10:00,Table Tennis,Men’s Singles Quarterfinal,فردي رجال ربع نهائي,Quarterfinal,Men,Aspire Dome,,COM-2026-0369,https://gccgames.qa/frontend/schedule-competition
2026-05-14,18:10:00,Table Tennis,Men’s Singles Quarterfinal,فردي رجال ربع نهائي,Quarterfinal,Men,Aspire Dome,,COM-2026-0370,https://gccgames.qa/frontend/schedule-competition
2026-05-14,18:10:00,Table Tennis,Men’s Singles Quarterfinal,فردي رجال ربع نهائي,Quarterfinal,Men,Aspire Dome,,COM-2026-0371,https://gccgames.qa/frontend/schedule-competition
2026-05-15,15:00:00,Table Tennis,Women’s Doubles Semifinal,زوجي سيدات نصف نهائي,Semifinal,Women,Aspire Dome,,COM-2026-0372,https://gccgames.qa/frontend/schedule-competition
2026-05-15,15:00:00,Table Tennis,Women’s Doubles Semifinal,زوجي سيدات نصف نهائي,Semifinal,Women,Aspire Dome,,COM-2026-0373,https://gccgames.qa/frontend/schedule-competition
2026-05-15,15:45:00,Table Tennis,Men’s Doubles Semifinal,زوجي رجال نصف نهائي,Semifinal,Men,Aspire Dome,,COM-2026-0374,https://gccgames.qa/frontend/schedule-competition
2026-05-15,15:45:00,Table Tennis,Men’s Doubles Semifinal,زوجي رجال نصف نهائي,Semifinal,Men,Aspire Dome,,COM-2026-0375,https://gccgames.qa/frontend/schedule-competition
2026-05-15,17:00:00,Table Tennis,Women’s Singles Semifinal,فردي سيدات نصف نهائي,Semifinal,Women,Aspire Dome,,COM-2026-0376,https://gccgames.qa/frontend/schedule-competition
2026-05-15,17:00:00,Table Tennis,Women’s Singles Semifinal,فردي سيدات نصف نهائي,Semifinal,Women,Aspire Dome,,COM-2026-0377,https://gccgames.qa/frontend/schedule-competition
2026-05-15,17:45:00,Table Tennis,Men’s Singles Semifinal,فردي رجال نصف نهائي,Semifinal,Men,Aspire Dome,,COM-2026-0378,https://gccgames.qa/frontend/schedule-competition
2026-05-15,17:45:00,Table Tennis,Men’s Singles Semifinal,فردي رجال نصف نهائي,Semifinal,Men,Aspire Dome,,COM-2026-0379,https://gccgames.qa/frontend/schedule-competition
2026-05-15,18:45:00,Table Tennis,Mixed Doubles Final,زوجي مختلط نهائي,Final,Mixed,Aspire Dome,,COM-2026-0380,https://gccgames.qa/frontend/schedule-competition
2026-05-17,15:00:00,Table Tennis,Women’s Doubles Final,زوجي سيدات نهائي,Final,Women,Aspire Dome,,COM-2026-0381,https://gccgames.qa/frontend/schedule-competition
2026-05-17,15:45:00,Table Tennis,Men’s Doubles Final,زوجي رجال نهائي,Final,Men,Aspire Dome,,COM-2026-0382,https://gccgames.qa/frontend/schedule-competition
2026-05-17,17:30:00,Table Tennis,Women’s Singles Final,فردي سيدات نهائي,Final,Women,Aspire Dome,,COM-2026-0383,https://gccgames.qa/frontend/schedule-competition
2026-05-17,18:30:00,Table Tennis,Men’s Singles Final,فردي رجال نهائي,Final,Men,Aspire Dome,,COM-2026-0384,https://gccgames.qa/frontend/schedule-competition
2026-05-12,10:00:00,Taekwondo,Men’s -58 kg,رجال -58 كجم,Qualification,Men,Aspire Women’s Sports Hall,,COM-2026-0166,https://gccgames.qa/frontend/schedule-competition
2026-05-12,10:30:00,Taekwondo,Men’s -80 kg,رجال -80 كجم,Qualification,Men,Aspire Women’s Sports Hall,,COM-2026-0167,https://gccgames.qa/frontend/schedule-competition
2026-05-12,11:00:00,Taekwondo,Women’s -49 kg,سيدات -49 كجم,Qualification,Women,Aspire Women’s Sports Hall,,COM-2026-0168,https://gccgames.qa/frontend/schedule-competition
2026-05-12,11:30:00,Taekwondo,Women’s -67 kg,سيدات -67 كجم,Qualification,Women,Aspire Women’s Sports Hall,,COM-2026-0169,https://gccgames.qa/frontend/schedule-competition
2026-05-12,13:00:00,Taekwondo,Men’s -58 kg,رجال -58 كجم,Semi Final,Men,Aspire Women’s Sports Hall,,COM-2026-0170,https://gccgames.qa/frontend/schedule-competition
2026-05-12,13:30:00,Taekwondo,Men’s -80 kg,رجال -80 كجم,Semi Final,Men,Aspire Women’s Sports Hall,,COM-2026-0171,https://gccgames.qa/frontend/schedule-competition
2026-05-12,14:00:00,Taekwondo,Women’s -49 kg,سيدات -49 كجم,Semi Final,Women,Aspire Women’s Sports Hall,,COM-2026-0172,https://gccgames.qa/frontend/schedule-competition
2026-05-12,14:30:00,Taekwondo,Women’s -67 kg,سيدات -67 كجم,Semi Final,Women,Aspire Women’s Sports Hall,,COM-2026-0173,https://gccgames.qa/frontend/schedule-competition
2026-05-12,15:00:00,Taekwondo,Men’s -58 kg,رجال -58 كجم,Final,Men,Aspire Women’s Sports Hall,,COM-2026-0174,https://gccgames.qa/frontend/schedule-competition
2026-05-12,15:30:00,Taekwondo,Men’s -80 kg,رجال -80 كجم,Final,Men,Aspire Women’s Sports Hall,,COM-2026-0175,https://gccgames.qa/frontend/schedule-competition
2026-05-12,16:00:00,Taekwondo,Women’s -49 kg,سيدات -49 كجم,Final,Women,Aspire Women’s Sports Hall,,COM-2026-0176,https://gccgames.qa/frontend/schedule-competition
2026-05-12,16:30:00,Taekwondo,Women’s -67 kg,سيدات -67 كجم,Final,Women,Aspire Women’s Sports Hall,,COM-2026-0177,https://gccgames.qa/frontend/schedule-competition
2026-05-13,10:00:00,Taekwondo,Men’s -68 kg,رجال -68 كجم,Qualification,Men,Aspire Women’s Sports Hall,,COM-2026-0178,https://gccgames.qa/frontend/schedule-competition
2026-05-13,10:30:00,Taekwondo,Men’s +80 kg,رجال +80 كجم,Qualification,Men,Aspire Women’s Sports Hall,,COM-2026-0179,https://gccgames.qa/frontend/schedule-competition
2026-05-13,11:00:00,Taekwondo,Women’s -57 kg,سيدات -57 كجم,Qualification,Women,Aspire Women’s Sports Hall,,COM-2026-0180,https://gccgames.qa/frontend/schedule-competition
2026-05-13,11:30:00,Taekwondo,Women’s +67 kg,سيدات +67 كجم,Qualification,Women,Aspire Women’s Sports Hall,,COM-2026-0181,https://gccgames.qa/frontend/schedule-competition
2026-05-13,13:00:00,Taekwondo,Men’s -68 kg,رجال -68 كجم,Semi Final,Men,Aspire Women’s Sports Hall,,COM-2026-0182,https://gccgames.qa/frontend/schedule-competition
2026-05-13,13:30:00,Taekwondo,Men’s +80 kg,رجال +80 كجم,Semi Final,Men,Aspire Women’s Sports Hall,,COM-2026-0183,https://gccgames.qa/frontend/schedule-competition
2026-05-13,14:00:00,Taekwondo,Women’s -57 kg,سيدات -57 كجم,Semi Final,Women,Aspire Women’s Sports Hall,,COM-2026-0184,https://gccgames.qa/frontend/schedule-competition
2026-05-13,14:30:00,Taekwondo,Women’s +67 kg,سيدات +67 كجم,Semi Final,Women,Aspire Women’s Sports Hall,,COM-2026-0185,https://gccgames.qa/frontend/schedule-competition
2026-05-13,15:00:00,Taekwondo,Men’s -68 kg,رجال -68 كجم,Final,Men,Aspire Women’s Sports Hall,,COM-2026-0186,https://gccgames.qa/frontend/schedule-competition
2026-05-13,15:30:00,Taekwondo,Men’s +80 kg,رجال +80 كجم,Final,Men,Aspire Women’s Sports Hall,,COM-2026-0187,https://gccgames.qa/frontend/schedule-competition
2026-05-13,16:00:00,Taekwondo,Women’s -57 kg,سيدات -57 كجم,Final,Women,Aspire Women’s Sports Hall,,COM-2026-0188,https://gccgames.qa/frontend/schedule-competition
2026-05-13,16:30:00,Taekwondo,Women’s +67 kg,سيدات +67 كجم,Final,Women,Aspire Women’s Sports Hall,,COM-2026-0189,https://gccgames.qa/frontend/schedule-competition
2026-05-16,16:00:00,Volleyball,Men’s Preliminary,Match 1 - رجال تمهيدي - المباراة 1,Qualification,Men,Aspire Women’s Sports Hall,,COM-2026-0104,https://gccgames.qa/frontend/schedule-competition
2026-05-16,18:30:00,Volleyball,Men’s Preliminary,Match 2 - رجال تمهيدي - المباراة 2,Qualification,Men,Aspire Women’s Sports Hall,"QAT,UAE",COM-2026-0105,https://gccgames.qa/frontend/schedule-competition
2026-05-17,16:00:00,Volleyball,Men’s Preliminary,Match 3 - رجال تمهيدي - المباراة 3,Qualification,Men,Aspire Women’s Sports Hall,"BRN,UAE",COM-2026-0106,https://gccgames.qa/frontend/schedule-competition
2026-05-17,18:30:00,Volleyball,Men’s Preliminary,Match 4 - رجال تمهيدي - المباراة 4,Qualification,Men,Aspire Women’s Sports Hall,"OMA,QAT",COM-2026-0107,https://gccgames.qa/frontend/schedule-competition
2026-05-19,16:00:00,Volleyball,Men’s Preliminary,Match 5 - رجال تمهيدي - المباراة 5,Qualification,Men,Aspire Women’s Sports Hall,"OMA,UAE",COM-2026-0108,https://gccgames.qa/frontend/schedule-competition
2026-05-19,18:30:00,Volleyball,Men’s Preliminary,Match 6 - رجال تمهيدي - المباراة 6,Qualification,Men,Aspire Women’s Sports Hall,"BRN,QAT",COM-2026-0109,https://gccgames.qa/frontend/schedule-competition
